movie_name,month,year,budget,runtime,mpaa,screens,opening_week,domestic_box_office,international_box_office,worldwide_box_office,country
Eiga Doraemon: Nobita to Sora no Utopia,3,2023,,,,,,,15689127,15689127,Japan
Tri bogatyrya: Khod konem,10,2015,,74,,,,,15687885,15687885,Russian Federation
Shin Kamen Rider,3,2023,,121,,,,,15686979,15686979,Japan
Larry the Cable Guy: Health Inspector,,2006,17000000,,PG-13,1710,6922767,15680099,,,United States
Aile Arasında,12,2017,,125,,,,,15665230,15665230,Turkey
Les gamins,4,2013,9000000,95,,,,,15660664,15660664,France
Made in Dagenham,1,2011,8000000,113,R,3,37563,1095369,14548827,15644196,United Kingdom
Familyhood,6,2016,,120,,,,,15582034,15582034,Republic of Korea
Rokuyon: Kôhen,6,2016,,119,,,,,15570077,15570077,Japan
Trouble,8,2019,,97,,,,,15568692,15568692,"Canada, Cayman Islands, United States"
My Boss's Daughter,7,2004,14000000,86,PG-13,2201,4855798,15549702,15655,15565357,United States
Murder 2,,2011,,130,,,,,15559302,15559302,India
Scouts Guide to the Zombie Apocalypse,10,2015,15000000,93,R,1509,1841007,3703046,11851809,15554855,United States
Teiichi no kuni,4,2017,,118,,,,,15545390,15545390,Japan
Au nom de la terre,9,2019,,103,,,,,15528468,15528468,"Belgium, France"
Suburbicon,10,2017,25000000,105,R,2046,2840246,5775178,9746441,15521619,United States
Joy Ride,7,2023,,94,R,2820,5806277,12897789,2620847,15518636,United States
The Lunchbox,6,2014,1700000,104,PG,3,44542,4231500,11286386,15517886,"France, Germany, India"
Shanghai,9,2012,50000000,104,R,103,26604,46425,15459497,15505922,"China, United States"
Paris Can Wait,5,2017,,92,PG,4,98850,5608745,9869510,15478255,United States
Bait,,2000,35000000,119,R,2352,5485591,15325127,146842,15471969,United States
The Greatest Game Ever Played,,2005,25000000,120,PG,1014,3657322,15331289,136977,15468266,United States
The Weather Man,,2005,20000000,102,R,1510,4248465,12482775,2984186,15466961,United States
The Fountain,,2006,35000000,96,PG-13,1472,3768702,10144010,5317628,15461638,United States
Facing Windows,5,2004,,106,R,7,36061,541682,14916723,15458405,"Italy, Portugal, Turkey, United Kingdom"
Superlópez,11,2018,,108,Not,,,,15458332,15458332,Spain
The Jacket,,2005,28500000,103,R,1331,2723682,6301131,9151847,15452978,United States
Pourquoi j'ai pas mangé mon père,4,2015,42000000,101,,,,,15451663,15451663,France
Loving Pablo,10,2017,,123,R,15,16564,22017,15428473,15450490,"Bulgaria, Spain"
Marrying the Mafia III,,2006,,128,,,,,15447156,15447156,Republic of Korea
Kang rinpoche,6,2017,,115,Not,1,2780,28184,15413005,15441189,China
Out of the Furnace,12,2013,22000000,115,R,2101,5220288,11330849,4103526,15434375,"United Kingdom, United States"
Catch and Release,,2007,,111,PG-13,1622,7658898,15432542,,,United States
Nada a Perder 2,8,2019,,100,PG-13,,,,15400333,15400333,Brazil
Touching the Void,12,2003,2000000,106,R,5,96973,4593598,10802927,15396525,"United Kingdom, United States"
Pulse: A Stomp Odyssey,8,2003,,40,Not,,,10086514,5297876,15384390,United States
Yugo & Lala 4,7,2018,,85,,,,,15382225,15382225,China
"Il Ricco, il Povero e il Maggiordomo",12,2014,,102,,,,,15377544,15377544,Italy
Miss Bala,1,2019,15000000,104,PG-13,2203,6864744,14998027,366605,15364632,"Mexico, United States"
Alex & Emma,10,2003,30000000,96,PG-13,2310,6111074,14208384,1150199,15358583,United States
Hysteria,4,2012,,95,R,5,35656,1804139,13538774,15342913,"United Kingdom, United States"
Primeval,,2007,,94,R,2444,6048315,10597734,4740121,15337855,United States
Les vacances du petit Nicolas,7,2014,,97,Not,39,100097,518768,14808621,15327389,France
The Haunting of Molly Hartley,,2008,5000000,86,PG-13,2652,5423315,13442412,1875845,15318257,United States
Woody Woodpecker,10,2017,,94,PG,,,,15316635,15316635,United States
Ak-ui yeon-dae-gi,5,2015,,102,,,,,15315552,15315552,Republic of Korea
The Assassination of Jesse James by the Coward Robert Ford,,2007,30000000,160,R,5,147812,3909149,11404482,15313631,United States
The Dreamers,4,2004,,115,NC-17,5,142632,2531462,12775651,15307113,"France, Italy, United Kingdom, United States"
Tamasha,11,2015,,151,Not,179,1006059,2065487,13239279,15304766,India
Mucize,1,2015,,136,,,,,15301749,15301749,Turkey
Ida,3,2014,2600000,80,PG-13,3,55438,3827060,11471295,15298355,"Denmark, Poland"
"The Goods: Live Hard, Sell Hard",,2009,10000000,89,R,1838,5642137,15122676,174642,15297318,United States
Maiko haaaan!!!,,2007,,,,,,,15287683,15287683,Japan
Raavan,,2010,,,Not,120,482760,708726,14575649,15284375,India
Autoreiji: Biyondo,10,2012,,112,R,,,3878,15229555,15233433,Japan
Kureyon Shinchan: Shūrai! Uchūjin Shiriri,4,2017,,107,,,,,15227612,15227612,Japan
Mix,10,2017,,120,,,,,15224207,15224207,Japan
My Old Lady,11,2014,5000000,107,PG-13,11,124680,4011530,11208778,15220308,"France, United States"
North East: Past Po Ma Zhang Fei,2,2017,,,,,,,15208575,15208575,"China, Hong Kong"
Hyeobsang,9,2018,,114,Not,2,23764,109856,15096922,15206778,Republic of Korea
Celda 211,,2009,,,,,,,15200000,15200000,"France, Spain"
Snezhnaya koroleva,12,2012,7000000,,PG,,,,15193977,15193977,Russian Federation
The Fable,6,2019,,123,,,,,15184913,15184913,Japan
Miss Pettigrew Lives for a Day,,2008,,92,PG-13,535,2490942,12313694,2859259,15172953,United Kingdom
Bikur Ha-Tizmoret,,2008,750000,89,PG-13,7,67492,3053823,12107824,15161647,Israel
Shingeki no kyojin endo obu za wârudo,9,2015,,87,Not,,,243356,14918255,15161611,Japan
Three,6,2016,,87,Not,23,58196,119550,15023705,15143255,"China, Hong Kong"
Paradaisu Kisu,,2011,,,,,,,15141014,15141014,Japan
La science des rêves,12,2006,6000000,105,R,14,347925,4670644,10467288,15137932,France
Io sono l’amore,9,2010,10000000,119,R,8,121504,5005465,10116063,15121528,Italy
Hwai: Goimooleul Samkin Ai,10,2013,,125,,,,,15119344,15119344,Republic of Korea
The Painted Veil,,2006,19400000,,PG-13,4,51085,8060487,7058308,15118795,United States
Pitbull: Niebezpieczne Kobiety,11,2016,,,,,,,15118739,15118739,Poland
Partners: The Movie IV,2,2017,,120,,,,,15104791,15104791,Japan
Soratobu taiya,6,2018,,120,,,,,15101476,15101476,Japan
Bhool Bhulaiyaa,,2007,,154,Not,55,512000,1097797,13992242,15090039,India
Paradise Murdered,,2007,,,,,,,15061334,15061334,Republic of Korea
Follow Bear to Adventure,1,2024,,,,,,,15054872,15054872,China
The Reef,,2010,10000000,,R,,,,15037867,15037867,Australia
The Pyramid,1,2015,,89,R,589,1369935,2756333,12274961,15031294,United States
Trick: The Movie 2,6,2006,,111,,,,,15016774,15016774,Japan
Perfect Days,11,2023,,,PG,6,100925,3576392,11434082,15010474,Japan
Snezhnaya koroleva 2,12,2014,,78,,,,,15002576,15002576,Russian Federation
Obitaemyy ostrov,,2009,36500000,,,,,,15000000,15000000,Russian Federation
Ek Main Aur Ekk Tu,,2012,,140,Not,111,637100,1155545,13822484,14978029,India
Solaris,,2002,47000000,105,PG-13,2406,6752722,14970038,,,United States
Recep Ivedik 6,11,2019,,110,,,,,14968633,14968633,Turkey
Matrimonio alle Bahamas,,2007,,,,,,,14964621,14964621,Italy
Chak De India,,2007,,148,Not,62,351887,1113541,13845785,14959326,India
Médecin de campagne,3,2016,,102,,,,,14953945,14953945,France
Love & Mercy,6,2015,,120,PG-13,481,2122177,12551031,2398877,14949908,United States
Zhōng Guó Pīng Pāng,1,2023,,140,,,,,14936608,14936608,China
Boat Trip,,2003,15000000,94,R,1714,3815075,8586376,6347337,14933713,
The Vatican Tapes,7,2015,13000000,91,PG-13,427,832271,1784763,13144421,14929184,United States
Baarìa,,2011,,,,,,,14924887,14924887,Italy
Cui mian · cai jue,10,2019,,93,,,,,14917516,14917516,"China, Hong Kong"
Emperor,4,2013,,106,PG-13,261,1014099,3346264,11559205,14905469,"Japan, United States"
Jue Shi Gao Shou,7,2017,,116,,,,,14897163,14897163,China
L'école buissonnière,10,2017,,116,Not,,,6300,14874207,14880507,France
The Game Changer,1,2017,,126,,,,,14875966,14875966,China
Nicky Larson: Le Parfum De Cupidon,2,2019,,91,,,,,14866890,14866890,France
Dogville,,2004,,177,R,9,88855,1530386,13321268,14851654,United States
Hollywood Ending,,2002,16000000,,PG-13,765,2017981,4839383,10000000,14839383,United States
Supernova,,2000,60000000,90,PG-13,2280,6731940,14218868,597626,14816494,United States
Flyboys,,2006,60000000,139,PG-13,2033,6004219,13090630,1725749,14816379,United States
Raise Your Voice,12,2004,15000000,107,PG,2521,4022693,10411980,4400000,14811980,United States
A Dangerous Method,,2011,20000000,99,R,4,167953,5702083,9105448,14807531,"Canada, Germany"
Possession,,2002,25000000,102,PG-13,270,1575214,10103647,4702165,14805812,
Going by the Book,,2007,,102,,,,,14800000,14800000,Republic of Korea
Xing Fu Ma Shang Lai,6,2018,,90,,,,,14798770,14798770,China
Out Cold,8,2002,11000000,89,PG-13,2011,4531665,13906394,880000,14786394,United States
Inherent Vice,1,2015,20000000,148,R,5,328184,8110975,6629368,14740343,United States
Les Émotifs anonymes,4,2012,,,,,,,14730786,14730786,"Belgium, France"
I Hate Luv Storys,,2010,,,Not,84,375297,847993,13872571,14720564,India
Zarafa,10,2012,9100000,78,,,,,14709816,14709816,"Belgium, France"
Deutschland: Ein Sommermarchen,,2006,,110,,,,,14700000,14700000,Germany
Khiladi 786,12,2012,5600000,,Not,,,385422,14298341,14683763,India
Iron Monkey,,2001,,85,PG-13,1225,6014653,14681661,,,Hong Kong
Case départ,,2011,,,,,,,14679847,14679847,France
Marina Abramovic: The Artist Is Present,10,2012,,106,Not,2,11041,86637,14576364,14663001,United States
"Hello, My Name is Doris",5,2016,1000000,90,R,4,84986,14444999,217704,14662703,United States
Thank You,,2011,,155,Not,92,244183,463540,14196505,14660045,India
Blood-Soaked GuangChang,7,2018,,,,,,,14651659,14651659,China
Freedomland,,2006,,113,R,2361,5833562,12512886,2138330,14651216,United States
The Sisters Brothers,9,2018,38000000,121,R,4,115575,3143056,11493011,14636067,"France, Romania, Spain, United States"
Sword Master,12,2016,,105,Not,29,40113,75526,14555037,14630563,China
Do You Believe?,3,2015,2300000,115,PG-13,1320,3591282,12985600,1643321,14628921,United States
The Beauty Inside,8,2015,,127,Not,1,1234,108238,14517521,14625759,Republic of Korea
Beyond the Lights,,2014,7000000,116,PG-13,1789,6200284,14618727,,,United States
Birth,4,2005,20000000,96,R,550,1705577,5005899,9597102,14603001,
High & Low: The Movie,7,2016,,129,,,,,14590783,14590783,Japan
Enfin Veuve,,2008,,,,,,,14580557,14580557,France
Naeaneui Geunom,1,2019,,122,,,,,14569310,14569310,Republic of Korea
Envy,,2004,20000000,99,PG-13,2445,6160886,13548322,1017924,14566246,United States
Cilada.com,7,2011,,,,,,,14563149,14563149,Brazil
Soul Plane,11,2004,16000000,86,R,1566,5648486,13922211,631596,14553807,
The Salt of the Earth,10,2014,,109,PG-13,4,44936,1343349,13199926,14543275,"Brazil, France, Italy"
¿Qué Culpa Tiene el Niño?,5,2016,,105,,,,,14536144,14536144,Mexico
"Mune, le gardien de la lune",2,2015,17000000,85,PG,,,,14534046,14534046,France
Deux jours à Paris,,2007,,96,R,10,173641,4433994,10087671,14521665,"France, Germany"
Red Lights,,2012,17700000,118,R,2,10340,49521,14469363,14518884,United States
Wadjda,12,2012,,98,PG,3,41253,1342455,13162647,14505102,Saudi Arabia
Welcome to Mooseport,4,2004,26000000,110,PG-13,2868,6775132,14469428,25342,14494770,"Germany, United States"
Haha to Kuraseba,12,2015,,130,,,,,14489836,14489836,Japan
Journey to the South Pacific,,2013,,40,G,,,7144210,7340963,14485173,United States
Megan Leavey,8,2017,,116,PG-13,1956,3810867,13406304,1058534,14464838,United States
Pattaya,2,2016,,100,,,,,14452133,14452133,"France, Thailand"
Being Julia,3,2005,18000000,104,R,8,101126,7739049,6712273,14451322,
"Life, or Something Like It",,2002,40000000,104,PG-13,2604,6219234,14448589,,,United States
Mayakwang,12,2018,,139,Not,,,,14446477,14446477,Republic of Korea
RBG,5,2018,,97,PG,34,578470,14051361,394210,14445571,United States
America: Imagine a World Without Her,,2014,,103,PG-13,3,38608,14444502,,,United States
Maria Full of Grace,3,2005,3200000,101,R,7,139066,6529624,7911534,14441158,United States
The Chosen: Season 4 Episodes 1-3,2,2024,,207,,2281,,14409169,,,United States
Los ojos de Julia,,2011,,,,,,,14404529,14404529,Spain
Woodlawn,7,2016,13000000,123,PG,1553,4002226,14394097,9794,14403891,United States
Botoks,9,2017,,135,,,,,14396860,14396860,Poland
Männersache,,2009,,,,,,,14378901,14378901,Germany
Hot Rod,11,2020,25000000,88,PG-13,2607,5310711,13938332,433232,14371564,United States
Ratchet and Clank,4,2016,20000000,94,PG,2891,4869278,8813410,5552229,14365639,United States
Un sac de billes,1,2017,20000000,113,PG,4,14420,409862,13952181,14362043,"Canada, Czech Republic, France"
Friends with Kids,5,2012,,100,R,369,2019083,7251073,7106679,14357752,United States
"Boku wa Ashita, Kinou no Kimi to Dêto Suru",12,2016,,111,,,,,14352012,14352012,Japan
Eighth Grade,12,2018,2000000,93,R,4,263797,13539710,808310,14348020,United States
Dostana,,2008,,142,Not,74,645604,1235028,13097631,14332659,India
Surviving Christmas,,2004,,,PG-13,2750,4441356,11198345,3130468,14328813,
Turistas,,2006,10000000,93,R,1570,3582554,7027762,7293308,14321070,United States
Tropa de Elite,,2008,6537890,,R,1,3604,8744,14310451,14319195,Brazil
Beginners,,2011,3200000,105,R,5,141340,5790894,8523513,14314407,United States
Josie and the Pussycats,6,2001,22000000,99,PG-13,2556,4562455,14252830,54393,14307223,United States
On His Majesty's Secret Service,,2009,,,,,,,14303209,14303209,Hong Kong
Unsane,3,2018,1500000,98,R,2023,3762145,7690044,6606665,14296709,United States
Ballistic: Ecks vs. Sever,,2002,70000000,91,R,2705,7010474,14294842,,,
I Dreamed of Africa,,2000,34000000,114,PG-13,2112,2411445,6543194,7748805,14291999,United States
Cheonbaksa Toema Yeonguso Seolgyeongui Bimil,9,2023,,98,,28,27755,84362,14196057,14280419,Republic of Korea
45 Years,8,2015,,95,R,3,65775,4250507,10025087,14275594,United Kingdom
Dirty Dancing Havana Nights,5,2004,,86,PG-13,2042,5811325,14140215,123084,14263299,United States
Sukkar banat,,2008,1600000,95,PG,11,71916,1060591,13193169,14253760,"France, Lebanon"
Freddy Got Fingered,,2001,15000000,87,R,2271,7098459,14249005,,,
Si yo fuera rico,11,2019,,98,,,,,14240702,14240702,Spain
Mere Brother Ki Dulhan,,2011,,145,Not,74,399429,496172,13737077,14233249,India
Bibi & Tina: Mädchen gegen Jungs,1,2016,,110,,,,,14223864,14223864,Germany
Gambit,11,2012,,,PG-13,,,,14214365,14214365,United States
If You Are the One 3,12,2023,,,,,,,14203359,14203359,China
Labor Day,3,2014,18000000,111,PG-13,2584,5175282,13371528,818282,14189810,United States
Tri Bogatyrya i Printsessa Egipta,12,2017,,75,,,,,14184772,14184772,Russian Federation
La vie scolaire,8,2019,,111,,,,,14178920,14178920,France
This Must Be the Place,3,2012,,118,R,2,7754,142242,14034415,14176657,"France, Ireland, Italy"
Ocho Apellidos Marroquís,12,2023,,,,,,,14168957,14168957,Spain
Drôles de petites bêtes,12,2017,,77,PG,,,,14163162,14163162,"France, Luxembourg"
La belle époque,7,2019,,110,R,,,,14162451,14162451,France
If We Were Lucky,9,2023,,92,,,,,14162404,14162404,China
Dirty Pretty Things,6,2004,10000000,97,R,5,100512,8112414,6044339,14156753,
Ya Veremos,8,2018,,90,PG-13,369,1807322,4165949,9975555,14141504,Mexico
In the Land of Women,,2007,10500000,97,PG-13,2155,4712341,11052958,3087444,14140402,United States
How to Deal,11,2003,16000000,101,PG-13,2319,5809960,14108518,16998,14125516,United States
Little Children,,2006,14000000,,R,5,97953,5463019,8658158,14121177,United States
Der Nanny,3,2015,,110,,,,,14113845,14113845,Germany
Taegeugki: Hwinalrimyeo,2,2004,,148,,,,,14080854,14080854,Republic of Korea
Gegen die Wand,3,2004,,121,Not,2,15216,435395,13625459,14060854,"Germany, Turkey"
Traumfrauen,2,2015,,109,,,,,14057701,14057701,Germany
Brice 3,10,2016,,93,,,,,14039310,14039310,France
Shootout at Wadala,5,2013,,155,Not,,,369310,13669350,14038660,India
The Children Act,8,2018,,105,R,3,18293,457803,13577789,14035592,"United Kingdom, United States"
Sharks 3D,5,2005,,42,Not,,,8500000,5500000,14000000,France
Shu dan ying xiong,8,2019,,106,,,,,13994187,13994187,China
Stealing Harvard,,2002,25000000,85,PG-13,2366,6041521,13973532,,,
Hong men yan,,2012,,138,,,,,13969132,13969132,China
"Cheonmun: Modneunda, Doors to Heaven",12,2019,,132,,,,,13955219,13955219,Republic of Korea
Los amantes pasajeros,1,2022,,89,R,5,97328,1359796,12578884,13938680,Spain
100 Dinge,12,2018,,111,,,,,13937010,13937010,Germany
Kalank,4,2019,,166,Not,320,1276581,2729336,11203094,13932430,India
Bursting Point,12,2023,,138,,,,,13927093,13927093,"China, Hong Kong"
Waltz with Bashir,,2008,2000000,87,R,5,50021,2283849,11628440,13912289,"France, Germany, Israel"
The Missing,3,2017,,95,,,,,13887720,13887720,China
Sophie Scholl - Die letzten Tage,,2006,,,Not,1,17310,680331,13206868,13887199,Germany
Religulous,,2008,2500000,101,R,502,3409643,13011160,870157,13881317,United States
Shen Mo Dao Ji Gong,11,2017,,90,,,,,13867066,13867066,China
House of the Dead,,2003,7000000,90,R,1520,5683280,10199354,3660724,13860078,
Seven Days,,2007,,,,,,,13857860,13857860,Republic of Korea
"Angus, Thongs and Perfect Snogging",7,2008,,,PG-13,,,,13835569,13835569,United Kingdom
Vykrutasy,,2010,,,,,,,13835287,13835287,Russian Federation
Beyond the Clouds,11,2023,,,,,,,13829490,13829490,China
Tri bogatyrya i Morskoy tsar,12,2016,,,,,,,13816096,13816096,Russian Federation
Their Finest,3,2017,,117,R,4,76197,3603484,10203605,13807089,United Kingdom
In the Mood for Love,9,2000,,98,PG,6,113280,2734044,11041999,13776043,
Juwanna Mann,,2002,15600000,91,PG-13,1325,5474270,13571817,200000,13771817,United States
Rudorufu to Ippaiattena,8,2016,,90,,,,,13770279,13770279,Japan
I am a Hero,4,2016,,126,,,,,13756682,13756682,Japan
Wanted,,2009,,147,Not,71,217432,349637,13404086,13753723,India
Io sono Tempesta,4,2018,,97,Not,,,,13748817,13748817,Italy
Strange Magic,8,2015,,99,PG,3020,5504441,12429583,1311760,13741343,United States
Wonder Wheel,12,2017,,101,PG-13,5,125570,1403237,12333635,13736872,United States
Pulling Strings,11,2013,,112,PG,387,2467168,5842961,7882858,13725819,Mexico
One Night with the King,,2006,20000000,123,PG,909,4106862,13395961,329071,13725032,United States
The Ladies Man,,2000,11000000,87,R,2022,5426390,13592872,126602,13719474,United States
Yolki 5,12,2016,,88,,,,,13716383,13716383,Russian Federation
Too Young to Die,6,2016,,125,,,,,13699654,13699654,Japan
Hey Arnold! The Movie,,2002,10000000,75,PG,2527,5706332,13684949,,,
Chihayafuru: Musubi,3,2018,,,,,,,13649091,13649091,Japan
Aarakshan,,2011,,135,Not,91,344661,651096,12992412,13643508,India
Sydney White,,2007,16500000,108,PG-13,2104,5196380,11892415,1743924,13636339,United States
American Outlaws,,2001,35000000,95,PG-13,2348,4855475,13264986,336123,13601109,United States
Toshokan Sensoi The Last Mission,10,2015,,,,,,,13597694,13597694,Japan
Osmosis Jones,,2001,70000000,95,PG,2305,5271248,13596911,,,United States
Redemption,6,2013,23000000,100,R,19,19768,36686,13556787,13593473,"United Kingdom, United States"
Bakuman,10,2015,,,,,,,13584054,13584054,Japan
Torrente 5. Operación Eurovegas,10,2014,,,,,,,13580332,13580332,Spain
Oneului yeonae,1,2015,,118,,,,,13576426,13576426,Republic of Korea
Plastic Planet,5,2012,,99,Not,1,740,3164,13565535,13568699,"Austria, Germany"
Retribution,8,2023,,90,R,1750,3518830,6937696,6626505,13564201,"France, Germany, Spain, United States"
The Little Vampire,10,2000,22000000,95,PG,2009,5719627,13555988,4794,13560782,Germany
Tomcats,,2001,11000000,95,R,2617,6406076,13558739,,,United States
Dabangg 3,12,2019,,163,Not,14,,535000,13018861,13553861,India
bbaengban,1,2019,,133,,,,,13551495,13551495,Republic of Korea
Ikari,9,2016,,,,,,,13540842,13540842,Japan
The Comebacks,,2007,,84,PG-13,2812,5554594,13349927,189227,13539154,United States
Hazlo Como Hombre,8,2017,,109,R,382,1174484,2534252,10984231,13518483,Chile
His Only Son,3,2023,250000,106,PG-13,1920,5501070,12084084,1422631,13506715,United States
Nomoohyeonibnida,5,2017,,109,,,,,13502122,13502122,Republic of Korea
Phantom of the Theater,4,2016,,103,Not,,,,13482888,13482888,"China, Hong Kong"
Listy do M. 2,11,2015,,103,,,,,13482509,13482509,Poland
Le Havre,12,2011,5500000,93,Not,6,26363,611709,12868487,13480196,"Finland, France"
Mientras dure la guerra,9,2019,,107,,,,,13475475,13475475,"Argentina, Spain"
Thirst,4,2009,,,R,4,55889,318574,13150377,13468951,Republic of Korea
Los tres entierros de Melquiades Estrada,,2005,15000000,121,R,5,23859,5027684,8426790,13454474,United States
The History Boys,,2006,3700000,112,R,7,100803,2730296,10717702,13447998,United Kingdom
Chasseurs de dragons,,2009,17000000,,PG-13,,,,13446115,13446115,"France, Germany, Luxembourg"
One Night at McCool's,,2001,,,R,1818,2520041,6276532,7165425,13441957,United States
Beul-la-in-deu,,2011,,111,,,,,13439098,13439098,Republic of Korea
Tenacious D in: The Pick of Destiny,,2006,,94,R,1919,3234879,8334575,5100000,13434575,United States
Brideshead Revisited,,2008,,133,PG-13,33,339616,6432256,7000000,13432256,"Ireland, Morocco, United Kingdom"
Lords of Dogtown,,2005,25000000,107,PG-13,1865,5623373,11273517,2150848,13424365,United States
Sandome no satsujin,9,2017,,124,Not,2,10670,89315,13322503,13411818,Japan
Tomorrow When the War Began,,2012,,103,R,10,3172,4936,13400000,13404936,Australia
Remember Me,3,2024,,116,,,,,13402906,13402906,China
Xin Da Tou Er Zi He Xiao Tou Ba Ba Zhi Yi Ri Cheng Cai,8,2016,,85,,,,,13375370,13375370,China
Three Identical Strangers,8,2018,,96,PG-13,5,171503,12320845,1047103,13367948,United Kingdom
Vera Drake,2,2005,11000000,125,R,2,13207,3753806,9600049,13353855,
Gyoseob,1,2023,,108,,,,,13328013,13328013,Republic of Korea
A Stork's Journey,2,2017,,85,PG,,,,13325206,13325206,"Belgium, Germany, Luxembourg, Norway, United States"
Hotel Artemis,6,2018,15000000,97,R,2407,3232790,6708137,6608490,13316627,United Kingdom
Trumbo,12,2015,15000000,124,R,5,74177,7857741,5442440,13300181,United States
Die Wilden Kerle 5,,2008,,,,,,,13300000,13300000,Germany
La Cage Doree,4,2013,,90,,,,,13300000,13300000,"France, Portugal"
The Way,4,2012,,115,PG-13,33,110418,4998213,8296624,13294837,"Spain, United States"
FearDotCom,6,2003,40000000,101,R,2550,5710128,13208023,81267,13289290,
The Pirates Who Don't Do Anything: A VeggieTales Movie,,2008,15000000,85,G,1337,4251320,12981269,267175,13248444,United States
In the Name of the King: A Dungeon Siege Tale,,2008,60000000,127,PG-13,1632,2984524,4775656,8457564,13233220,"Germany, United Kingdom, United States"
Unfinished Business,3,2015,35000000,91,R,2777,4772613,10219501,2994550,13214051,United States
I Think I Love My Wife,,2007,14000000,94,R,1776,5674802,12559771,645640,13205411,United States
Hanyo,,2011,,106,Not,2,16670,157961,13047269,13205230,Republic of Korea
Anything Else,,2003,18000000,,R,1033,1673125,3203044,10000000,13203044,
Trener,4,2018,6250000,138,,,,,13201162,13201162,Russian Federation
Le Jeu,10,2018,,90,,,,,13189052,13189052,"Belgium, France"
Chloe,11,2012,13000000,96,R,350,900688,3075255,10101357,13176612,"Canada, France, United States"
The Honeymooners,,2005,27000000,90,PG-13,1912,5538835,12834849,339577,13174426,United States
Akmareul Boatda,,2011,6000000,143,Not,2,13567,129210,13039599,13168809,Republic of Korea
Bai niao chao feng,5,2016,,110,,,,,13160000,13160000,China
Thirst,4,2009,,91,R,,,,13159201,13159201,Canada
Dad’s Army,2,2016,,100,,,,,13152386,13152386,United Kingdom
"Misz masz, czyli kogel-mogel 3",1,2019,,100,,,,,13133367,13133367,Poland
Maundy Thursday,,2006,,,,,,,13117555,13117555,Republic of Korea
Macbeth,9,2015,,110,R,5,69833,1110707,11993600,13104307,"France, United Kingdom, United States"
Kobiety Mafii,2,2018,,138,,,,,13100948,13100948,Poland
The Movie Emperor,2,2024,,,,,,,13100097,13100097,China
Hillary’s America: The Secret History of the Democratic Party,,2016,5000000,100,PG-13,3,74813,13099931,,,United States
How to Eat Fried Worms,,2006,,84,PG,1870,4003537,13040527,58469,13098996,United States
Welcome to Marwen,1,2019,45000000,116,PG-13,1911,2354205,10763520,2322617,13086137,United States
Saraba Abunai Deka: Long Goodbye,1,2016,,,,,,,13074758,13074758,Japan
The Way of the Gun,,2000,9000000,119,R,1515,2150979,6047856,7014079,13061935,
Student of the Year,10,2012,,146,Not,106,326508,326508,12702974,13029482,India
The Crew,,2000,23000000,,PG-13,1510,4051921,13019253,,,United States
Serenity,1,2019,25000000,103,R,2561,4415403,8547045,4461759,13008804,United States
Da Hu Fa,7,2017,,95,,,,,13006233,13006233,China
Bring the Soul: The Movie,8,2019,,103,Not,873,2296491,4809800,8181232,12991032,Republic of Korea
Le Divorce,,2003,,,PG-13,34,516834,9074550,3910939,12985489,
Confidence,7,2003,15000000,97,R,1871,4563588,12212417,757984,12970401,"Canada, Germany, United States"
Bandslam,,2009,20000000,111,PG,2121,2231273,5210988,7756841,12967829,United States
Bottoms,11,2023,,,R,10,461052,12036071,931498,12967569,United States
"Roman J. Israel, Esq.",1,2018,22000000,129,PG-13,4,61999,11962712,1004300,12967012,United States
Friend Zone,8,2019,,118,Not,,,,12964399,12964399,Thailand
The Green Inferno,9,2015,1000000,103,R,1540,3520626,7192291,5739129,12931420,United States
Slither,,2006,15250000,96,R,1945,3880270,7802450,5127893,12930343,United States
Gods and Generals,,2003,55000000,219,PG-13,1533,4675246,12882934,41002,12923936,
Die Kleine Hexe,2,2018,,103,,,,,12923668,12923668,"Germany, Switzerland"
Byeonsin,8,2019,,113,,,,,12912361,12912361,Republic of Korea
Los abrazos rotos,3,2021,,128,R,2,107111,5014305,7896055,12910360,Spain
Three Heroes: Horseback,1,2015,,75,,,,,12909250,12909250,Russian Federation
The Other Side of the Door,2,2016,5000000,96,R,546,1211210,3000342,9904765,12905107,"India, United Kingdom"
Searching for Sugar Man,7,2012,,85,PG-13,3,27459,3965090,8937411,12902501,United States
Seondal: The Man who Sells the River,6,2016,,121,Not,7,36415,97223,12804849,12902072,Republic of Korea
Loving,1,2017,9000000,123,PG-13,4,159615,7710234,5187830,12898064,United States
Campeonex,8,2023,,,,,,,12888231,12888231,Spain
Evening,,2007,30000000,117,PG-13,977,3501971,12406646,478928,12885574,United States
Lo dejo cuando a quiera,4,2019,,98,,,,,12880024,12880024,Spain
Animal Crackers,7,2018,,94,PG,,,,12877422,12877422,"Australia, China, Republic of Korea, United States"
The Current War: Director’s Cut,7,2019,30000000,105,PG-13,1022,2633717,5978673,6891082,12869755,United States
Mubarakan,7,2017,,156,PG-13,128,310170,758868,12108269,12867137,India
Ozzy,3,2016,,90,"G
(Rating",,,,12852439,12852439,"Canada, Spain"
Deception,,2008,25000000,108,R,2001,2312146,4598506,8251527,12850033,United States
Promare,5,2019,,111,PG-13,31,109085,2528913,10316998,12845911,Japan
Hot Tub Time Machine 2,3,2015,14000000,93,R,2880,5963324,12314651,511993,12826644,United States
Every Day,2,2018,4900000,95,PG-13,1667,3016149,6112914,6713117,12826031,United States
Agent Vinod,,2012,,152,Not,,,698210,12124675,12822885,India
Crayon Shin-chan Arashi wo Yobu Ougon no Spy Daisakusen,,2011,,,,,,,12801345,12801345,Japan
Highlander: Endgame,,2000,15000000,88,R,1543,6223330,12801190,,,United States
Tri Bogatyrya i pup zemli,12,2023,,,,,,,12799769,12799769,Russian Federation
Urmel aus dem Eis,,2006,,87,,,,,12799144,12799144,
Boolhandang: Nabbeun Nomdeului Sesang,5,2017,,120,,,,,12776724,12776724,Republic of Korea
L'élève Ducobu,,2011,,,,,,,12767508,12767508,France
Aliens of the Deep,2,2005,,47,G,27,479368,8968684,3797000,12765684,United States
Gekijoban Mahou Shojo Madoka Magica Shinpen Hangyoku no Monogatari,3,2018,,116,Not,39,190478,190478,12571570,12762048,Japan
"Bon Cop, Bad Cop",,2006,8000000,,Not,,,12671300,69405,12740705,
Fasandræberne,4,2015,,119,,,,,12702595,12702595,"Denmark, Germany, Sweden"
Idlewild,,2006,15000000,121,R,973,5745780,12669914,,,United States
Donne moi des ailes,10,2019,,113,,,,,12669555,12669555,"France, Norway"
Street Fighter: The Legend of Chun-Li,,2009,50000000,96,PG-13,1136,4721110,8742261,3918026,12660287,United States
Chasing Papi,,2003,9000000,80,PG,585,2404557,6126237,6531140,12657377,
Sing Street,3,2016,,100,PG-13,5,63573,3237118,9419954,12657072,Ireland
Last Night,,2011,,92,R,10,32000,112087,12534432,12646519,"Canada, France, United States"
Kiseijuu: Kanketsuhen,4,2015,,117,,,,,12640766,12640766,Japan
Le chant du loup,2,2019,,115,Not,,,,12639190,12639190,France
Extreme Ops,5,2003,40000000,93,PG-13,1800,2233525,4835968,7788503,12624471,"Germany, Luxembourg, United Kingdom"
People Like Us,8,2012,16000000,115,PG-13,2055,4255423,12431792,185680,12617472,United States
Ben is Back,12,2018,13000000,103,R,4,80733,3703182,8913813,12616995,United States
A Love,,2007,,,,,,,12592135,12592135,Republic of Korea
Gossip,,2000,14000000,90,R,1525,2321729,5108820,7482450,12591270,
Ma-dang-eul Na-on Am-talk,7,2011,,93,,,,,12588013,12588013,Republic of Korea
Bachelorette,9,2012,3000000,93,R,47,181494,446770,12130631,12577401,United States
Jim Knopf und Lukas der Lokomotivführer,3,2018,,,,,,,12577248,12577248,Germany
Red Joan,10,2018,,110,R,4,,1580223,10972142,12552365,United Kingdom
The Suspect,12,2013,,137,,,,,12525348,12525348,United States
Can You Ever Forgive Me?,12,2018,10000000,106,R,5,161510,8803865,3713514,12517379,United States
Sorority Boys,,2002,12000000,93,R,1801,4127903,10198766,2317456,12516222,
Breakin' All the Rules,,2004,9000000,85,PG-13,1318,5088577,12232382,279935,12512317,United States
Zoom,,2006,35000000,,PG,2501,4510408,11989328,516860,12506188,
Sous les jupes des filles,6,2014,,,,,,,12499035,12499035,France
Meri Pyaari Bindu,5,2017,,119,Not,,,,12498298,12498298,India
PMC: deo beong-keo,12,2018,10300000,119,Not,,,,12478635,12478635,Republic of Korea
Kamen Raidâ Heisei Jenerêshonzu Foebâ,12,2018,,100,,,,,12465928,12465928,Japan
Cinderella and The Secret Prince,8,2018,,90,PG,,,,12451311,12451311,"China, United States"
Material Girls,,2006,,98,PG,1509,4603121,11449638,1000000,12449638,United States
Kai Po Che,2,2013,,120,Not,110,522765,1122527,11310288,12432815,India
Boy s tenyu 2,,2007,,,,,,,12426015,12426015,Russian Federation
Knockaround Guys,3,2003,15000000,92,R,1806,5016852,11660180,759520,12419700,United States
Bad Lieutenant: Port of Call New Orleans,,2009,25000000,122,R,27,245398,1702112,10711837,12413949,United States
Nueve Reinas,8,2000,1500000,114,R,5,40724,1222889,11190000,12412889,Argentina
The Bling Ring,8,2013,,90,R,5,214395,5845732,6561759,12407491,United States
Bella,,2007,3300000,91,PG-13,165,1328448,8093373,4312100,12405473,United States
MBA Partners,4,2016,,101,,,,,12403537,12403537,China
Mambo Italiano,,2003,5500000,88,R,,,9282750,3117022,12399772,Canada
Undisputed,,2002,20000000,93,R,1102,4548750,12398628,,,
I’m Not There,5,2008,20000000,135,R,130,730819,4017609,8380004,12397613,"Germany, United States"
Promised Land,,2013,15000000,106,R,25,173915,7597898,4796664,12394562,United States
The Man Who Knew Infinity,3,2016,10000000,108,PG-13,6,80325,3877922,8504200,12382122,"India, United Kingdom"
Shaolin Girl,,2008,,,,,,,12380512,12380512,"Hong Kong, Japan"
Ready to Rumble,,2000,24000000,107,PG-13,2585,5257778,12372410,,,United States
Soul Men,,2008,40000000,103,R,2044,5401605,12082391,263492,12345883,United States
The Interview,1,2015,44000000,111,R,,,6105175,6237457,12342632,United States
Millions,,2005,,98,PG-13,5,70224,6584159,5753669,12337828,United Kingdom
Eye for an Eye,,2008,,101,R,,,,12314832,12314832,Republic of Korea
Gu Dao Jing Hun,,2011,,,,,,,12312603,12312603,China
Chasing Liberty,,2004,23000000,111,PG-13,2400,6081483,12189514,102461,12291975,"United Kingdom, United States"
"Titeuf, Le Film",,2011,,,,,,,12268517,12268517,"France, Switzerland"
My Life Without Me,7,2004,2500000,106,R,7,40515,432360,11834915,12267275,"Canada, Spain"
Article 370,2,2024,,,,161,326458,980649,11281510,12262159,India
Dark Blue,7,2003,15000000,118,R,2176,3880688,9237470,3024595,12262065,
Whiteout,,2009,35000000,101,R,2745,4915104,10275638,1979108,12254746,"Canada, France, United States"
Lejdis,,2008,,,,,,,12247829,12247829,Poland
Låt den rätte komma in,11,2008,4500000,110,R,4,49295,2122085,10125597,12247682,Sweden
Citizen of a Kind,1,2024,,114,,,,,12223883,12223883,Republic of Korea
Abandon,,2002,25000000,99,PG-13,2341,5064077,10719367,1500000,12219367,
El Secreto de Marrowbone,10,2017,,110,R,7,624,1377,12211460,12212837,Spain
Earth: One Amazing Day,8,2017,,95,G,70,45480,81345,12116508,12197853,United Kingdom
No One’s Life Is Easy: So I Married an Anti-Fan,6,2016,,90,Not,,,89408,12104668,12194076,"China, Republic of Korea"
Gold,2,2017,,121,R,2166,3471316,7227038,4951070,12178108,United States
Island of Lemurs: Madagascar,6,2014,,39,G,37,188307,11750928,419850,12170778,United States
Nativity 2: Danger in the Manger!,11,2012,,,,,,,12156419,12156419,United Kingdom
Babies,,2010,,79,PG,534,2161460,7320323,4826496,12146819,France
The Shift,12,2023,,115,PG-13,2450,4300165,12118219,20965,12139184,United States
Le Coeur des hommes 2,,2007,,,,,,,12130156,12130156,France
Apollo 11,6,2019,,93,"G
(Rating",120,1607040,9040224,3085771,12125995,United States
Chihayafuru Kaminoku,3,2016,,111,,,,,12116649,12116649,Japan
Mongtajoo,5,2013,,120,,,,,12116647,12116647,Republic of Korea
Crystal Sky Of Yesterday,7,2018,,82,,,,,12104346,12104346,China
Dave Chappelle's Block Party,,2006,3000000,103,R,1200,6214723,11718595,333329,12051924,United States
Stoker,2,2013,12000000,100,R,7,160547,1703125,10331788,12034913,"United Kingdom, United States"
"McDull, Kung Fu Kindergarten",7,2009,,81,,,,,12031621,12031621,"Hong Kong, Japan"
How to Lose Friends & Alienate People,,2008,28000000,105,R,1750,1430294,2775593,9255850,12031443,United Kingdom
Girl Cops,5,2019,,107,Not,2,15073,103935,11926861,12030796,Republic of Korea
Harry Brown,,2010,7300000,103,R,19,173353,1818681,10204925,12023606,United Kingdom
Yi Nian Tian Tang,12,2015,,102,,,,,12020000,12020000,China
Cape No. 7,,2008,,,,,,,12000000,12000000,"Taiwan, Province of China"
De Dana Dan,,2009,,,Not,69,577381,944979,11053270,11998249,India
Warum Männer nicht zuhören und Frauen schlecht einparken,,2007,,,,,,,11996501,11996501,Germany
Mary Magdalene,3,2018,,120,R,62,46646,124958,11870042,11995000,"Australia, United Kingdom, United States"
"4 luni, 3 saptamani si 2 zile",,2008,900000,113,Not,6,30350,1196321,10796835,11993156,Romania
Sluzhebnyy roman. Nashye vryemya,,2011,,,,,,,11990788,11990788,Russian Federation
Rudo y Cursi,,2009,,103,R,70,211460,1827660,10160264,11987924,Mexico
Outrage Coda,10,2017,,104,,,,,11983269,11983269,Japan
Jiang hu er nv,9,2018,,141,Not,,,414578,11564879,11979457,"China, France"
Carrossel 2: O Sumiço de Maria Joaquina,7,2016,,,,,,,11972853,11972853,Brazil
City Hunter: Shinjuku Private Eyes,2,2019,,95,,,,,11960955,11960955,Japan
Jûni-nin no shinitai kodomo-tachi,1,2019,,117,,,,,11950916,11950916,Japan
Mirreyes contra Godinez,1,2019,,109,,,,,11949192,11949192,Mexico
Diana,9,2013,,113,PG-13,,,335360,11611623,11946983,"France, Sweden, United Kingdom"
La French,12,2014,,136,R,2,10335,190980,11753086,11944066,France
Changgwol,10,2018,,127,Not,2,18326,167937,11769738,11937675,Republic of Korea
End of the Spear,,2006,10000000,111,PG-13,1162,4281388,11748661,175380,11924041,
Portrait de la jeune fille en feu,8,2019,5400000,119,R,2,67344,3759854,8157289,11917143,France
Duong Gia Tuong,4,2013,,102,,,,,11906509,11906509,"China, Hong Kong"
Viceroy’s House,3,2017,,90,Not,4,48134,1105717,10800074,11905791,"India, United Kingdom"
Xiao men shen,1,2016,,103,,,,,11902156,11902156,China
Katyn,,2009,,,Not,,,118095,11764195,11882290,Poland
Sungnan Hwangso,11,2018,,115,Not,22,42133,101417,11770583,11872000,Republic of Korea
Win Win,,2011,5000000,106,R,5,150362,10179275,1689788,11869063,United States
Boy Erased,11,2018,11000000,114,R,5,207057,6788692,5073958,11862650,United States
Kal Ho Naa Ho,,2003,,166,Not,52,758211,1956478,9905557,11862035,India
Action Replayy,,2010,,,Not,,,410262,11446966,11857228,India
Maudie,4,2017,,117,PG-13,4,45920,6170998,5679577,11850575,"Canada, Ireland"
A Hologram for the King,4,2016,35000000,97,R,401,1138578,4212494,7633516,11846010,United States
Narc,,2002,7500000,105,R,6,63303,10465659,1377601,11843260,United States
Quan zhi gao shou zhi dian feng rong yao,8,2019,,98,,,,,11840495,11840495,China
Don't Move,11,2004,,,Not,1,11075,103280,11734323,11837603,"Italy, Spain, United Kingdom"
"Ni Hao, Zhi Hua",11,2018,,115,Not,18,80485,179721,11648683,11828404,China
Conviction,10,2012,12500000,96,R,11,102351,6797696,5029284,11826980,United States
Getaway,11,2013,18000000,89,PG-13,2130,4503892,10501938,1312051,11813989,"Bulgaria, United States"
Fisherman's Friends,3,2019,,112,PG-13,,,,11800370,11800370,United Kingdom
The Rules of Attraction,3,2003,4000000,110,R,1437,2532410,6525762,5273298,11799060,United States
The Belko Experiment,4,2017,5000000,88,R,1341,4137230,10166820,1626122,11792942,United States
Saekjeuk shigong 2,,2007,,,,,,,11780198,11780198,Republic of Korea
The Longshots,,2008,23000000,95,PG,2089,4080687,11511323,267073,11778396,United States
Kureyon Shinchan: Arashi o Yobu: Utau Ketsudake Bakudan!,,2006,,,,,,,11777171,11777171,Japan
Seeking a Friend for the End of the World,7,2012,10000000,101,R,1625,3822803,7078738,4688221,11766959,United States
Shopgirl,,2005,7500000,104,R,8,229685,10284523,1473895,11758418,United States
Myûjiamu,11,2016,,132,,,,,11757642,11757642,Japan
Ryûzô to 7 nin no kobun tachi,4,2015,,125,,,,,11757243,11757243,Japan
After Death,1,2024,,103,PG-13,2645,5051950,11478326,271680,11750006,United States
A Casa Tutti Bene,2,2018,,,,,,,11746742,11746742,Italy
Layer Cake,,2005,6500000,,R,10,81706,2339957,9405974,11745931,United Kingdom
Ca$h,,2008,13700000,100,,,,,11738256,11738256,France
Quills,,2000,13500000,,R,9,249383,7060876,4671212,11732088,United States
Dhoom 3,12,2013,24000000,150,Not,,,8031955,3691665,11723620,India
Dunki,12,2023,,160,,551,2714469,7460159,4256872,11717031,India
The Visit,9,2015,,107,Not,1,5517,186444,11529548,11715992,United States
The Son's Room,,2002,,,R,1,4887,1014416,10700000,11714416,
What the #$'! Do We Know,4,2005,4000000,,Not,,,10941801,762967,11704768,
Tik Tok,7,2016,,,,,,,11702016,11702016,"China, Republic of Korea"
Nae sarang nae gyeotae,,2009,,,,,,,11701551,11701551,Republic of Korea
C'est Si Bon,2,2015,,118,Not,,,164167,11537018,11701185,Republic of Korea
Beauty and the Beast,2,2010,,90,R,,,,11700000,11700000,"Australia, Canada"
Çakallarla Dans 5,11,2018,,102,,,,,11687785,11687785,Turkey
Smart People,,2008,,95,R,1106,4092465,9511289,2144330,11655619,United States
Good Newwz,12,2019,,134,Not,,,,11645364,11645364,India
What a Man,,2012,,94,R,,,,11639918,11639918,Germany
Violet Evergarden Gaiden: Eien to Jidou Shuki Ningyou,9,2019,,90,Not,,,,11638294,11638294,Japan
Bokudake ga inai machi,3,2016,,120,,,,,11636849,11636849,Japan
Khatta Meetha,,2010,,,Not,83,309211,541904,11093357,11635261,India
Dum Maaro Dum,,2011,5200000,130,R,101,327523,564489,11068938,11633427,India
"Fala Sério, Mãe!",12,2017,,79,,,,,11616161,11616161,Brazil
The Last Kiss,,2006,,104,R,1357,4627989,11614790,,,United States
Taare Zameen Par,,2007,,165,PG,,,1223869,10389309,11613178,India
Faubourg 36,,2009,,,Not,7,44690,850575,10760000,11610575,"Czech Republic, France, Germany"
Bogowie,10,2014,,120,,,,,11603941,11603941,Poland
Wara No Tate,4,2013,,125,,,,,11601232,11601232,Japan
Banlieue 13,,2006,15000000,84,R,151,411544,1200216,10399687,11599903,
Uta no Prince-sama - Maji Love Kingdom Movie,6,2019,,84,,,,,11597863,11597863,Japan
Wu Lin Guai Shou,12,2018,,104,,,,,11573104,11573104,"China, Hong Kong"
Iron Sky,4,2012,,92,R,,,122082,11443710,11565792,"Australia, Finland, Germany"
The Order,2,2004,35000000,102,R,1975,4438899,7659747,3900000,11559747,"Germany, United States"
Cyberworld 3D,6,2001,,44,Not,21,278199,11243857,315393,11559250,United States
The Legend of Drunken Master,,2000,10000000,102,R,1342,3845278,11546543,,,Hong Kong
The Cookout,,2004,16000000,97,PG-13,1303,5000900,11540112,,,
Tsotsi,,2006,3000000,95,R,6,76324,2912606,8624933,11537539,"South Africa, United Kingdom"
Bhoothnath,,2008,,,Not,64,330246,449776,11083019,11532795,India
Doroppu,,2009,,122,,,,,11528993,11528993,Japan
Xue Zhan Xiang Jiang,6,2017,,90,,,,,11510000,11510000,China
Yolki Posledniye,12,2018,,96,,,,,11499494,11499494,Russian Federation
The Sessions,11,2012,1000000,95,R,4,113467,6002451,5492753,11495204,United States
"Nativity 3: Dude, Where's My Donkey?",11,2014,,,,,,,11492347,11492347,United Kingdom
Zhi Wo Men Zhong Jiang Dao Lai De Ai Qing,1,2016,,94,,,,,11487632,11487632,China
Something New,,2006,,99,PG-13,1265,4879736,11468568,15101,11483669,United States
99 francs,6,2008,,,Not,8,30800,79477,11400000,11479477,France
Shigatsu wa kimi no uso,9,2016,,122,,,,,11463297,11463297,Japan
Teen Maar,,2011,,,,,,,11459148,11459148,India
Elegy,,2008,,112,R,6,104168,3577210,7881829,11459039,United States
The Adventure of Afanti,10,2018,,85,,,,,11440000,11440000,China
Perdiendo el norte,3,2015,,104,,,,,11438207,11438207,Spain
Hypnotic,4,2023,,93,R,2118,2401686,4500169,6936502,11436671,United States
Beyond Borders,3,2004,60000000,127,R,1798,2076402,4426297,7000793,11427090,United States
Luis Und Die Aliens,4,2018,,82,PG,,,,11415641,11415641,"Denmark, Germany, Luxembourg"
The Loft,12,2014,,108,R,1841,2747342,6002684,5398834,11401518,United States
Soyuz spaseniya,12,2019,,130,,,,,11401318,11401318,Russian Federation
Thaanaa Serndha Koottam,1,2018,,138,,,,,11383175,11383175,India
Dağ 2,11,2016,,135,,,,,11378898,11378898,Turkey
Backkom Bear: Mars Mission,9,2023,,96,,,,,11367594,11367594,China
Doeorak,12,2018,,102,,,,,11366235,11366235,Republic of Korea
Hui Buh - Das Schlossgespenst,,2006,,,,,,,11361720,11361720,Germany
Shut In,3,2016,10000000,91,R,2058,3613567,6900335,4460330,11360665,United States
Reign of Assassins,8,2012,14000000,117,R,,,,11354230,11354230,"China, Hong Kong, Taiwan, Province of China"
50 Kaime no Fasuto Kisu,6,2018,,114,,,,,11352181,11352181,Japan
Snow Flower and the Secret Fan,4,2012,6000000,102,PG-13,24,134005,1348205,10000000,11348205,"China, United States"
"Hexe Lilli, der Drache und das magische Buch",,2009,,,,,,,11338495,11338495,Germany
La Pazza Gioia,5,2016,,118,Not,2,5799,107362,11219774,11327136,"France, Italy"
Beyaz Melek,,2007,,,,,,,11323769,11323769,Turkey
Water,,2006,3000000,114,PG-13,5,56280,5529144,5793429,11322573,"Canada, India"
Friend Request,1,2016,9900000,92,R,2573,2002863,3759078,7551757,11310835,Germany
Spanish Movie,8,2012,,,,,,,11305452,11305452,Spain
Toni Erdmann,7,2016,,162,R,3,40131,1478960,9822272,11301232,Germany
Die Drei ??? - Erbe des Drachen,1,2023,,,,,,,11300000,11300000,Germany
Toshokan Senso,4,2013,,128,,,,,11294442,11294442,Japan
Arctic Dogs,11,2019,50000000,93,PG,2844,2901335,5801249,5483905,11285154,"Canada, China, India, Japan, Republic of Korea, United Kingdom, United States"
La fille du puisatier,9,2018,,106,Not,,,389651,10894695,11284346,France
Come Un Gatto in Tangenziale,12,2017,,98,,,,,11282642,11282642,Italy
Cìkè Niè Yinniáng,8,2015,15000000,104,Not,4,47892,632542,10647342,11279884,"Taiwan, Province of China"
Les As de la Jungle,7,2017,,97,Not,,,,11277610,11277610,France
Lars and the Real Girl,,2007,12500000,106,PG-13,7,90418,5956480,5320639,11277119,United States
The Florida Project,11,2017,2000000,115,R,4,156833,5904366,5371279,11275645,United States
Qian Ting Zong Dong Yuan: Hai Di Liang Wan Li,6,2018,,75,,,,,11264408,11264408,China
Son of Rambow: A Home Movie,,2008,2000000,95,PG-13,5,53789,1785505,9477758,11263263,"France, United Kingdom"
Manifesto,3,2023,,,,,,,11254796,11254796,China
Straw Dogs,,2011,25000000,110,R,2408,5123760,10324441,929380,11253821,United States
Roving Mars,,2006,,,G,27,412337,10407978,841000,11248978,
Overdrive,6,2017,30000000,93,PG-13,,,,11247280,11247280,"France, United States"
The King’s Case Note,4,2017,,114,Not,,,90899,11155025,11245924,Republic of Korea
Hyde Park on Hudson,1,2013,,94,R,4,81362,6376145,4866293,11242438,United Kingdom
Taxi,5,2015,,82,Not,,,321642,10913305,11234947,Islamic Republic of Iran
Stop-Loss,,2008,25000000,113,R,1291,4555117,10915744,313291,11229035,United States
Ma cosa ci dice il cervello,4,2019,,100,,,,,11227421,11227421,Italy
Before Sunset,8,2004,2000000,80,R,20,219425,5792822,5424524,11217346,"France, United States"
Frances Ha,8,2013,3000000,86,R,4,137398,4067398,7148839,11216237,United States
Yellow Rose,5,2019,,104,,,,,11213147,11213147,China
Unfinished Song,,2013,,93,PG-13,2,25728,1698952,9511765,11210717,"Germany, United States"
La Graine et le Mulet,8,2008,,151,Not,10,79157,203490,11004374,11207864,"France, Tunisia"
Es Por Tu Bien,2,2017,,93,,,,,11202953,11202953,Spain
Assalto ao Banco Central,,2011,,,,,,,11200000,11200000,Brazil
The Squid and the Whale,,2005,1500000,81,R,4,129844,7372734,3818689,11191423,United States
La Tourneuse de Pages,,2007,3400000,,Not,2,18844,208691,10974217,11182908,France
Kiseki: Anohi no sobito,1,2017,,111,,,,,11182550,11182550,Japan
Beau is Afraid,4,2023,35000000,179,R,4,320396,8176562,3001119,11177681,"Canada, United States"
Jab Harry Met Sejal,8,2017,,144,Not,280,1284740,1284740,9891804,11176544,India
Never Let Me Go,7,2012,15000000,120,R,4,111734,2434652,8739066,11173718,United Kingdom
Daeho,12,2015,,139,,,,,11172111,11172111,Republic of Korea
Xin Yong Bu Xiao Shi De Dian Bo,11,2017,,100,,,,,11170000,11170000,China
Fun Size,10,2012,14000000,86,PG-13,3014,4101017,9409538,1757077,11166615,United States
Agnyaathavaasi,1,2018,,158,,,,,11158499,11158499,India
Gringo,3,2018,,110,R,2404,2722420,4969853,6188487,11158340,United States
The Astronaut Farmer,,2007,13000000,104,PG,2155,4454319,11003643,137570,11141213,
The Cooler,5,2004,4000000,101,R,11,128973,8291572,2839883,11131455,United States
Doragon Kuesuto Yua Sutōrī,8,2019,,103,,,,,11114288,11114288,Japan
Zhan Guo,,2011,,125,Not,23,35381,68961,11042800,11111761,China
Samba,4,2014,,119,R,2,24588,151530,10955865,11107395,France
A United Kingdom,10,2016,,111,PG-13,4,66510,3902185,7193835,11096020,United Kingdom
Yuen Loeng Taa 77 Chi,6,2017,,97,,,,,11077852,11077852,Hong Kong
Sisu,1,2023,,91,R,1006,3330891,7265622,3802623,11068245,Finland
L'Ora Legale,1,2017,,92,,,,,11066825,11066825,Italy
Tokyo Tower: Mom and Me and Sometimes Dad,10,2007,,,,,,,11061179,11061179,Japan
Les Saisons,1,2016,,95,PG,,,150092,10903563,11053655,France
Aashiqui 2,4,2013,,140,,,,,11046634,11046634,"India, South Africa"
La Boda de Valentina,2,2018,,107,R,331,1147073,2783739,8261970,11045709,Mexico
Chāo Jí Fēi Xiá Lè Dí Jiā Sù,7,2023,,89,,,,,11029838,11029838,China
Jonah Hex,,2010,47000000,81,PG-13,2825,5379365,10547117,475579,11022696,United States
Salaar: Cease Fire — Part 1,12,2023,,172,,802,5618511,8929282,2077302,11006584,India
Ya Khudeyu,3,2018,,102,,,,,10999308,10999308,Russian Federation
Rapurasu no majo,5,2018,,115,,,,,10973351,10973351,Japan
High & Low The Movie 2 / End of Sky,8,2017,,124,,,,,10956658,10956658,Japan
Corpus Christi,10,2019,1300000,116,Not,1,4632,127240,10824043,10951283,Poland
Black Snake Moan,,2007,15000000,118,R,1252,4143199,9396870,1554283,10951153,United States
Le pacte des loups,6,2001,,142,R,37,100839,10948847,,,"Canada, France"
Àn Shā Fēng Bào,8,2023,,,,,,,10947024,10947024,China
Le brio,11,2017,,95,,,,,10929163,10929163,"Belgium, France"
Senna,,2011,,104,R,2,73497,1612430,9312217,10924647,United Kingdom
Gnome Alone,1,2018,,89,PG,,,,10924451,10924451,"Canada, United States"
Garfield's Pet Force,,2009,,,G,,,,10918505,10918505,United States
Buradeo,10,2017,,102,,,,,10910056,10910056,Republic of Korea
The Darkness,3,2005,4000000,92,PG-13,1755,4950859,10753574,150921,10904495,United States
Kismat Konnection,,2008,,153,Not,62,282122,479759,10424168,10903927,India
Seuwingkizeu,12,2018,,133,Not,15,43952,222001,10681258,10903259,Republic of Korea
At Eternity’s Gate,1,2019,,111,PG-13,4,92855,2294917,8599667,10894584,"France, United Kingdom, United States"
Flying Monsters 3D,,2011,,39,Not,,,5751141,5143082,10894223,United Kingdom
You Were Never Really Here,11,2017,,89,R,3,132829,2523610,8367671,10891281,"France, United Kingdom, United States"
Mia madre,4,2015,,107,R,6,34098,303002,10582814,10885816,"France, Italy"
Himmatwala,3,2013,,,Not,99,197770,270880,10600990,10871870,India
The Courier,12,2019,,97,R,,,,10862201,10862201,"United Kingdom, United States"
Jannat 2,5,2012,,150,R,,,,10858608,10858608,India
The White Crow,3,2019,,127,R,5,78782,1827604,9028017,10855621,"France, United Kingdom"
Extract,,2009,7500000,92,R,1611,4340108,10823158,26000,10849158,United States
Hei Mao Jing Zhang Zhi Fei Cui Zhi Xing,8,2015,,,,,,,10849131,10849131,China
Vai que Cola: O Filme,10,2015,,105,,,,,10845468,10845468,Brazil
Here on Earth,,2000,15000000,96,PG-13,1714,4510705,10494147,350980,10845127,
Where’d You Go Bernadette,8,2019,20000000,104,PG-13,2404,3462308,9198356,1646242,10844598,United States
Xiao shi de xiong shou,11,2015,,120,,,,,10844564,10844564,Hong Kong
The Hole,,2001,7500000,102,,,,,10834406,10834406,United Kingdom
Maya the Bee,9,2014,,87,"G
(Rating",,,,10833134,10833134,"Australia, Germany"
Samyy luchshiy film 3,,2010,,,,,,,10832328,10832328,Russian Federation
Samyy luchshiy den!,12,2015,,112,,,,,10828870,10828870,Russian Federation
Get Low,10,2012,7000000,100,PG-13,4,88182,9176933,1651372,10828305,United States
You Can Count on Me,,2000,1200000,111,R,8,118170,9180275,1647081,10827356,United States
Luo Ke Wang Guo 4,8,2015,,,,,,,10820000,10820000,China
Away From Her,,2007,,110,PG-13,4,53267,4548331,6239159,10787490,
Saja,7,2019,,129,Not,23,43863,102982,10673135,10776117,Republic of Korea
The Night Listener,,2006,4000000,81,R,1367,3554134,7836393,2934600,10770993,United States
We Need to Talk About Kevin,1,2012,7000000,112,R,1,24587,1738692,9026591,10765283,"United Kingdom, United States"
Prom,,2011,8000000,103,PG,2730,4712638,10130219,632964,10763183,United States
Villaviciosa de al lado,12,2016,,90,,,,,10739182,10739182,Spain
Mister Felicità,1,2017,,90,,,,,10739001,10739001,Italy
Ajin,9,2017,,109,,,,,10735896,10735896,Japan
Not Easily Broken,,2009,5000000,100,PG-13,724,5314278,10572742,160167,10732909,United States
Yolki 1914,12,2014,,106,,,,,10727769,10727769,Russian Federation
Paterson,11,2016,5000000,118,R,4,69335,2141423,8586113,10727536,United States
Love Again,5,2023,,104,PG-13,2703,2380962,6230837,4495195,10726032,United States
Golden Slumber,2,2018,,108,Not,,,,10723414,10723414,Republic of Korea
The Killing of a Sacred Deer,10,2017,,109,R,4,115120,2291900,8416845,10708745,"Ireland, United Kingdom, United States"
Make It Happen,,2008,,,,,,,10688486,10688486,United States
Mogura no uta: Hong Kong kyôsô-kyoku,12,2016,,128,,,,,10677009,10677009,Japan
Moon,11,2020,5000000,97,R,8,136046,5010163,5665910,10676073,United Kingdom
Ghost Dog: The Way of the Samurai,8,2023,2000000,116,R,14,166344,3330230,7342262,10672492,
Shinjuku suwan,5,2015,,139,,,,,10662923,10662923,
Rab Ne Bana Di Jodi,,2008,,167,Not,83,920994,2074346,8585000,10659346,India
Di san zhong ai qing,9,2015,,113,,,,,10659259,10659259,China
Xie Mi Xing Zhe,6,2018,,90,,,,,10657326,10657326,"China, Hong Kong"
The Machine,5,2023,20000000,112,R,2409,5000545,10458331,198605,10656936,United States
De père en flic,7,2009,,107,Not,,,10644453,,,Canada
The Savages,,2007,9000000,114,R,4,151859,6623082,4018941,10642023,United States
Ookami shoujo to kuro ouji,5,2016,,116,,,,,10639039,10639039,Japan
A Dirty Carnival,,2006,,141,,,,,10638098,10638098,
The Apparition,8,2012,17000000,82,PG-13,810,2841488,4936819,5700462,10637281,United States
The Boondock Saints 2: All Saints Day,,2009,8000000,90,R,68,546687,10273187,356133,10629320,United States
Tengoku de kimi ni aetara,,2007,,,,,,,10625731,10625731,Japan
The Virgin Suicides,1,2021,6000000,97,R,18,235122,4859475,5760295,10619770,"Canada, United States"
Populaire,11,2012,,101,R,16,,179091,10438198,10617289,France
Pek Yakinda,10,2014,,134,,,,,10611890,10611890,Turkey
Jexi,10,2019,5000000,84,R,2332,3106730,6546159,4054968,10601127,United States
Le Week-End,10,2013,,93,R,3,43608,2225098,8374932,10600030,"France, United Kingdom"
Benedetta Follia,1,2018,,109,,,,,10599900,10599900,Italy
Kabadayi,,2007,,,,,,,10599297,10599297,Turkey
The Great Raid,,2005,60000000,132,R,819,3376009,10166502,430568,10597070,"Australia, United States"
Alone in the Dark,,2005,20000000,96,R,2124,2834421,5178569,5409510,10588079,
Polityka,9,2019,,134,,,,,10586482,10586482,Poland
Cha-i-na-ta-un,5,2015,,110,,,,,10582907,10582907,Republic of Korea
Alceste a bicyclette,1,2013,,104,Not,18,33071,385165,10183850,10569015,France
Looking for Eric,,2010,,,Not,2,6743,55804,10504168,10559972,"Belgium, France, Italy, Spain, United Kingdom"
Pollock,,2000,6000000,122,R,2,44244,8596914,1960377,10557291,United States
The Promise,4,2017,90000000,134,PG-13,2251,4095718,8224288,2327129,10551417,"Spain, United States"
Moms’ Night Out,,2014,5000000,97,PG,1044,4311083,10429707,107634,10537341,United States
Les Tuche,,2010,,95,,,,,10537035,10537035,France
Crayon Shin-chan 16,,2008,,,,,,,10536987,10536987,Japan
Love in Space,,2011,,103,PG,15,13795,33976,10485987,10519963,"Australia, China"
Deo Pon,10,2015,,115,,,,,10510802,10510802,Republic of Korea
Gosaigyô no Onna,8,2016,,127,,,,,10504345,10504345,Japan
Até que a Sorte nos Separe 3: A Falência Final,12,2015,,106,,,,,10502937,10502937,Brazil
Baadshaho,9,2017,,124,,,,,10497601,10497601,India
LOL,,2012,11000000,97,PG-13,105,46000,46000,10431506,10477506,United States
The Collector,11,2012,3000000,89,R,1325,3576296,7712114,2761722,10473836,United States
Teri Meri Kahaani,6,2012,,120,Not,94,405926,671442,9800286,10471728,India
Steamboy,10,2004,20000000,,PG-13,39,136148,468867,10000000,10468867,
On-Drakon,12,2015,,,,,,,10453051,10453051,Russian Federation
No Longer Human,9,2019,,122,,,,,10452114,10452114,Japan
Dangerous Liaisons,,2012,24200000,110,Not,6,17000,17000,10430579,10447579,China
Yo-kai Watch Movie 5: Forever Friends,12,2018,,100,,,,,10441722,10441722,Japan
Lyubov v bolshom gorode,,2009,,,,,,,10439457,10439457,"Russian Federation, Ukraine, United States"
Kolovrat,12,2017,,117,,,,,10424668,10424668,Russian Federation
First Daughter,2,2005,30000000,106,PG,2260,4002067,9055010,1364074,10419084,
Inishiêshon rabu,5,2015,,110,,,,,10416510,10416510,Japan
Kurosaki-kun no iinari ni nante naranai,2,2016,,93,,,,,10415892,10415892,Japan
Sex Drive,,2008,19000000,101,R,2421,3607164,8402485,2010000,10412485,United States
Head Over Heels,,2001,14000000,,PG-13,2338,4804595,10397365,,,
The Man,,2005,20000000,78,PG-13,2040,4065014,8330720,2062976,10393696,United States
Jeonseolui Joomeok,,2013,,153,Not,23,49252,134213,10254567,10388780,Republic of Korea
Alienoid: The Return to the Future,1,2024,,122,,29,27972,60720,10327195,10387915,Republic of Korea
The Perfect Score,,2004,,93,PG-13,2208,4873819,10387706,,,United States
All is Lost,11,2013,8500000,107,PG-13,6,93583,6263670,4123144,10386814,United States
Kin,8,2018,30000000,102,PG-13,2141,3035618,5718096,4665428,10383524,United States
High Society,9,2017,,100,,,,,10382876,10382876,Germany
Long Xia Xing Jing,6,2018,,90,Not,12,35015,85172,10295882,10381054,China
Deep,5,2017,,92,PG,,,,10371885,10371885,"Belgium, Spain, United States"
Town & Country,,2001,105000000,,R,2222,3029858,6712451,3652318,10364769,
The Bookshop,11,2017,,113,PG,4,45348,1588150,8765338,10353488,"Germany, Spain, United Kingdom"
Oddball,9,2015,7000000,95,Not,,,,10338919,10338919,Australia
Satyagraha,,2013,,146,Not,83,412148,738525,9591353,10329878,India
Niàn Niàn Xiāng Wàng,8,2023,,108,,,,,10324663,10324663,China
25 km/h,10,2018,,116,,,,,10323404,10323404,Germany
Hide and Seek,11,2016,,105,,,,,10315084,10315084,China
Galaxy Kaidô,10,2015,,110,,,,,10291672,10291672,Japan
Lubov Morkov,,2007,,100,,,,,10291446,10291446,Russian Federation
Dog Days,8,2018,10000000,113,PG,2442,2554766,6809080,3481751,10290831,United States
Kamen Raidâ Heisei Jenerêshonzu Fainaru: Birudo ando Eguzeido wizu Rejendo Raidâ,12,2017,,91,,,,,10289397,10289397,Japan
Gui Mi 2,3,2018,,138,Not,4,15044,37115,10244720,10281835,"China, Hong Kong"
The Miracle Season,,2018,,99,PG,1707,3950652,10230620,49035,10279655,United States
The Best of Enemies,6,2019,10000000,133,PG-13,1705,4446190,10205616,63133,10268749,United States
Jam,9,2023,,,,,,,10259959,10259959,Republic of Korea
Bis,2,2015,,98,,,,,10252908,10252908,France
Ma vie de Courgette,6,2016,8000000,66,PG-13,2,28472,309768,9935975,10245743,"France, Switzerland"
Facing the Giants,,2006,100000,,PG,441,1343537,10178331,64828,10243159,United States
Yokokuhan,6,2015,,119,,,,,10238535,10238535,Japan
Fan Zhuan Ren Sheng,6,2017,,110,,,,,10238078,10238078,China
Mao Yu Tao Hua Yuan,4,2018,,105,PG,,,,10231916,10231916,China
In the Mix,,2005,,95,PG-13,1608,4448491,10223896,,,United States
Nian Nian You Ai,2,2015,,120,,,,,10220378,10220378,China
Kuang Shou,11,2017,,90,Not,,,,10217493,10217493,Hong Kong
Snabba Cash,,2012,4300000,119,R,2,24684,188870,10023533,10212403,United States
Naui Teukbyeolhan Hyungje,5,2019,,114,,,,,10207898,10207898,Republic of Korea
Saved!,10,2004,5000000,92,PG-13,20,345136,8886160,1320391,10206551,United States
Sekai kara neko ga kietanara,5,2016,,103,,,,,10203996,10203996,Japan
The Two Faces of January,5,2014,,98,PG-13,6,43116,507463,9693877,10201340,United Kingdom
Meu Passado Me Condena 2,7,2015,,105,,,,,10198232,10198232,Brazil
Ženy v běhu,1,2019,,93,,,,,10193358,10193358,Czech Republic
Woman on Top,,2000,8000000,,R,1085,2008191,5018450,5174163,10192613,
Late Night with the Devil,8,2023,,92,R,1034,2834867,9320798,868446,10189244,Australia
Flowers in the Shadow,,2008,,129,,,,,10188284,10188284,Japan
Du La La Sheng Zhi Ji 2,12,2015,,101,,,,,10187121,10187121,China
P2,,2007,,98,R,2131,2083398,6348315,3838353,10186668,United States
The Perfect Match,,2016,5000000,91,R,925,4294232,9669521,512529,10182050,United States
Next Day Air,,2009,3000000,84,R,1138,4111043,10027047,145472,10172519,United States
Klassentreffen,9,2018,,127,,,,,10166333,10166333,Germany
Kohi ga Samenai Uchi Ni,9,2018,,117,,,,,10164971,10164971,Japan
Sorry We Missed You,8,2019,,100,Not,3,9436,28273,10131466,10159739,"Belgium, France, United Kingdom"
Sexy Beast,8,2001,4300000,88,R,9,170356,6946056,3212298,10158354,United Kingdom
Punisher: War Zone,,2008,35000000,103,R,2508,4271451,8050977,2106557,10157534,"Germany, United States"
The Ice Harvest,,2005,,,R,1552,3740799,9016782,1140186,10156968,United States
We Are Your Friends,8,2015,2000000,96,R,2333,1767308,3591417,6561998,10153415,United States
Septimo,9,2013,,,R,,,,10145679,10145679,Spain
ABCD,,2013,1900000,143,Not,25,95236,222098,9915136,10137234,India
Marshall,10,2017,12000000,118,PG-13,821,3000805,10051659,65157,10116816,United States
L'allenatore nel pallone 2,,2008,,112,,,,,10116005,10116005,Italy
Away We Go,,2009,21000000,98,R,4,130411,9451946,656070,10108016,United States
Bernie,7,2012,6000000,104,PG-13,3,85805,9204489,902486,10106975,United States
Bei Guang Zhua Zou De Ren,12,2019,,90,,,,,10102949,10102949,China
Bibi & Tina: Tohuwabohu total,2,2017,,106,,,,,10097791,10097791,Germany
The Wash,,2001,4000000,93,R,749,2875067,10097096,,,United States
The Beatles: Eight Days a Week,9,2016,,138,Not,85,785336,2934445,7156512,10090957,United States
A Little Chaos,3,2015,,116,R,83,181791,558173,9526450,10084623,United Kingdom
L'Homme qui rit,12,2012,,,Not,,,46704,10036968,10083672,"Czech Republic, France"
Ying Xiong Ben Se 2018,1,2018,,90,,,,,10079961,10079961,China
Duplex,6,2004,40000000,88,PG-13,2189,4617128,9652000,418651,10070651,United States
"Kon'ya, romansu gekijô de",2,2018,,109,,,,,10068346,10068346,Japan
Taking Woodstock,,2009,29000000,121,R,1393,3457760,7460204,2606162,10066366,United States
Yokame no semi,4,2011,,147,,,,,10064960,10064960,Japan
Cyrus,,2010,7000000,92,R,4,181716,7468936,2593960,10062896,United States
A Day Without a Mexican,,2004,,100,R,56,619976,4180870,5877131,10058001,
Leberkäsjunkie,8,2019,,93,,,,,10057790,10057790,Germany
Queen of Katwe,10,2016,15000000,90,PG,52,304933,8874389,1181092,10055481,United States
Maya the Bee: The Honey Games,1,2018,,83,,,,,10055367,10055367,"Australia, Germany"
Open City,,2008,,,,,,,10051886,10051886,Republic of Korea
Elephant,4,2004,3000000,81,R,6,93356,1266955,8784561,10051516,United States
Pope Francis—A Man of His Word,6,2018,,96,PG,346,507870,2008385,8031763,10040148,United States
Godzilla 2000,,2000,1000000,107,PG,2111,4407720,10037390,,,Japan
Milyang,5,2007,,141,,,,,10031302,10031302,Republic of Korea
Nihon no ichiban nagai hi ketteiban,8,2015,,135,,,,,10030622,10030622,Japan
For Greater Glory: The True Story of Cristiada,4,2012,12000000,143,R,757,1885608,5669081,4357174,10026255,Mexico
Tamjung Hong Gil-dong: Sarajin Ma-eul,5,2016,,125,Not,1,7804,67054,9953911,10020965,Republic of Korea
Liteul Poleseuteu,2,2018,,103,,,,,10018158,10018158,Republic of Korea
Aozora êru,8,2016,,126,,,,,10017253,10017253,Japan
Lucky Numbers,,2000,65000000,105,R,2497,4536625,10014234,,,
Hankyu Dentetsu,,2011,,,,,,,9998665,9998665,Japan
Gekijouban Mozu,11,2015,,116,,,,,9998652,9998652,Japan
Daljjagjigeunhae,8,2023,,119,,,,,9998146,9998146,Republic of Korea
Thank You for Your Service,11,2017,20000000,108,R,2054,3817700,9479390,505926,9985316,United States
The Deep End,,2001,3000000,101,R,6,141852,8823109,1158526,9981635,United States
La Grande Seduction,12,2004,,108,Not,,,9832874,144799,9977673,
L'incroyable histoire du facteur Cheval,1,2019,,105,,,,,9971756,9971756,"Belgium, France"
Airlift,1,2016,4400000,130,,,,,9969237,9969237,India
Mobius,2,2013,,,R,,,,9966193,9966193,"Belgium, France, Luxembourg"
Gieokui Bam,11,2017,,109,,,,,9965431,9965431,Republic of Korea
Shanguang Shaonu,7,2017,,103,,,,,9949926,9949926,China
Mca: Middle Class Abbayi,12,2017,,144,,,,,9939186,9939186,India
The Secret,1,2016,,109,,,,,9923066,9923066,China
High & Low the Red Rain,10,2016,,110,,,,,9921150,9921150,Japan
Velaikkaran,12,2017,,160,,,,,9906215,9906215,India
Everesuto: Kamigami no itadaki,3,2016,,123,,,,,9901480,9901480,Japan
Dialogue avec mon jardinier,,2007,,109,Not,,,93604,9803747,9897351,France
Lisa Frankenstein,2,2024,,101,PG-13,3144,3695785,9774285,122399,9896684,United States
Silent Night,11,2023,,104,R,1870,3010207,8012103,1874755,9886858,United States
English Vinglish,10,2012,,129,Not,,,1862086,8024593,9886679,India
Sarajin Bam,3,2018,,101,,,,,9882628,9882628,Republic of Korea
What’s Love Got to Do with It?,1,2023,,108,PG-13,,,,9882291,9882291,United Kingdom
Bun Deo Seuteiji: Deo Moobee,11,2018,,84,,,,,9881954,9881954,Republic of Korea
La dea fortuna,12,2019,,114,,,,,9877685,9877685,Italy
Hitler Kaput!,,2008,,,,,,,9860147,9860147,Russian Federation
"Extremely Wicked, Shockingly Evil and Vile",5,2019,,108,R,,,,9852577,9852577,United States
Yǔ Zhòu Tàn Suǒ Biān Jí Bù,4,2023,,118,,,,,9850523,9850523,China
My Cousin Rachel,6,2017,,106,PG-13,523,969941,2716368,7116924,9833292,United States
"Tono, risoku de gozaru!",5,2016,,129,,,,,9826255,9826255,Japan
"Gozen 0-ji, Kiss shi ni Kite yo",12,2019,,115,,,,,9823872,9823872,Japan
Eiga Sumikko Gurashi - Tobidasu Ehon to Himitsu no Ko,11,2019,,,,,,,9823212,9823212,Japan
3 Strikes,,2000,4000000,82,R,678,3684704,9821335,,,United States
Badrinath,,2011,,,,,,,9818936,9818936,India
Joyeuse retraite!,11,2019,,97,,,,,9816256,9816256,France
What If,1,2015,11000000,97,PG-13,20,133898,3493000,6321566,9814566,"Canada, Ireland"
The Express,,2008,37500000,130,PG,2808,4562675,9793406,19903,9813309,United States
Amazing Grace,5,2019,,87,"G
(Rating",3,57353,4450454,5346859,9797313,United States
Peace Breaker,8,2017,,112,,,,,9796094,9796094,China
Rafadan Tayfa Göbeklitepe,12,2019,,89,,,,,9794501,9794501,Turkey
Gokaiger Goseiger Super Sentai 199 Hero Great Battle,,2011,,,,,,,9793837,9793837,Japan
Paa,,2009,4300000,,Not,67,199228,199228,9592054,9791282,India
Forushande,9,2016,,125,PG-13,3,71078,2402067,7389103,9791170,Islamic Republic of Iran
King of Thieves,9,2018,,108,R,,,,9789472,9789472,United Kingdom
Papa ou Maman 2,12,2016,,82,,,,,9789306,9789306,"Belgium, France"
Os Farofeiros,3,2018,,103,,,,,9786399,9786399,Brazil
Ballon,9,2018,,125,Not,,,34222,9750522,9784744,Germany
The War of Loong,8,2017,,112,,,,,9782949,9782949,China
Ivan Tsarevich i Seryy Volk 3,1,2016,,76,,,,,9775063,9775063,Russian Federation
The Rise of a Tomboy,3,2016,,,,,,,9769582,9769582,China
Organize İşler Sazan Sarmalı,2,2019,,121,,,,,9767814,9767814,Turkey
Serge Gainsbourg vie heroique,,2011,,122,Not,3,25189,233007,9532354,9765361,France
The Great Escaper,10,2023,,,,,,,9761471,9761471,United Kingdom
Il a déjà tes yeux,1,2017,,95,,,,,9755458,9755458,France
Planeta Singli,2,2016,,136,,,,,9740728,9740728,Poland
Il racconto dei racconti,5,2015,,125,R,2,8871,102186,9632328,9734514,"France, Italy, United Kingdom"
Running Scared,,2006,17000000,122,R,1611,3381974,6855137,2873951,9729088,United States
"New York, I Love You",,2009,,103,R,119,380776,1588087,8136973,9725060,United States
The Hole 3D,,2012,,92,,,,,9716671,9716671,United States
Yugo & Lala 3,7,2016,,82,,,,,9714846,9714846,China
Chîmu bachisuta no eikô,,2008,,,,,,,9710761,9710761,Japan
Gloria Bell,3,2019,,102,R,5,145218,5611123,4099394,9710517,"Chile, United States"
Saul fia,6,2015,1700000,107,R,3,37930,1777043,7919494,9696537,Hungary
Fortuna's Eye,2,2019,,,,,,,9693268,9693268,Japan
Horst Schlammer - Isch Kandidiere!,,2009,,,,,,,9692564,9692564,Germany
Vremya Pervyh,3,2017,,140,,,,,9690715,9690715,Russian Federation
Only You,7,2015,,113,Not,14,27311,61565,9622002,9683567,"China, United States"
Jerusalem,4,2014,,45,Not,,,8020721,1661254,9681975,Canada
S1m0ne,,2002,,117,PG-13,1920,3813463,9680913,,,United States
Goonghab,2,2018,,110,,,,,9680424,9680424,Republic of Korea
Miracle at St. Anna,,2008,45000000,160,R,1185,3477996,7916887,1759610,9676497,United States
Huān yuè xǐjù rén,3,2017,,87,,,,,9673821,9673821,China
Diner Dainâ,7,2019,,117,,,,,9673094,9673094,Japan
Winter in Wartime,11,2008,5800000,103,R,3,14037,542860,9119354,9662214,"Belgium, Netherlands"
Le mystère Henri Pick,3,2019,,100,,,,,9654932,9654932,"Belgium, France"
Connie and Carla,8,2004,20000000,108,PG-13,1014,3254940,8047525,1601514,9649039,United States
Young Black Stallion,4,2004,,45,G,51,629999,6751389,2887000,9638389,United States
Feng Zhong You Duo Yu Zuo De Yun,4,2019,,129,,,,,9626679,9626679,China
You zhong ni ai wo,1,2015,,105,,,,,9620000,9620000,China
Ride Like a Girl,9,2019,,98,PG,,,,9619183,9619183,Australia
I Am Not Your Negro,4,2017,1000000,95,PG-13,43,686378,7123919,2493483,9617402,United States
Me and You and Everyone We Know,,2005,2000000,91,R,1,30801,3885134,5730330,9615464,United States
Come tu mi vuoi,,2007,,107,,,,,9612073,9612073,Italy
Ladies in Black,9,2018,,109,PG,,,,9609199,9609199,Australia
Dyun Mong,3,2023,,,,,,,9605591,9605591,"China, Hong Kong"
Tod@s Caen,9,2019,,120,PG-13,317,1098401,2670925,6931656,9602581,Mexico
7 Days in Entebbe,3,2018,,107,PG-13,838,1592645,3189220,6407229,9596449,United Kingdom
High & Low: The Movie 3 - Final Mission,11,2017,,118,,,,,9591095,9591095,Japan
Chashme Baddoor,4,2013,,,Not,,,235401,9352544,9587945,India
Guzaarish,,2010,,135,Not,108,488121,1026589,8547136,9573725,India
Beuiaipi,8,2017,,128,,,,,9572938,9572938,Republic of Korea
Nichinichi Kore Kôjitsu,10,2018,,100,,,,,9572288,9572288,Japan
Rafadan Tayfa 4: Hayrimator,12,2023,,,,,,,9569414,9569414,Turkey
Monsieur Ibrahim,5,2004,,96,R,7,53174,2824365,6739202,9563567,France
Xi Yang Yang Yu Hui Tai Liang Zhi Yang Nian Xi Yang Yang,1,2015,,86,,,,,9562725,9562725,China
Traffik,4,2018,4000000,96,R,1046,3941338,9186156,375075,9561231,United States
God of War,5,2017,,128,Not,27,23912,53496,9506524,9560020,China
Popstar: Never Stop Never Stopping,8,2016,20000000,86,R,2311,4698715,9496130,40990,9537120,United States
Shade,,2004,6800000,101,R,1,10696,25032,9508932,9533964,United States
Hirunaka no ryuusei,3,2017,,119,,,,,9525643,9525643,Japan
All the King's Men,,2006,55000000,128,PG-13,1514,3672366,7221458,2300000,9521458,
Bajirao Mastani,12,2015,,158,Not,304,1741037,6557047,2959955,9517002,India
Open Season 2,,2009,,76,,,,,9510171,9510171,United States
Thirteen,3,2004,2000000,100,R,5,116260,4601043,4904953,9505996,"United Kingdom, United States"
Gekijoban Tokyo MER: Hashiru Kinkyuukyuumeishitsu,4,2023,,,,,,,9500000,9500000,Japan
Míng Yuè Jǐ Shí Yǒu,7,2017,,130,Not,18,50619,111584,9387872,9499456,"China, Hong Kong"
Rock'n Roll,2,2017,,123,,,,,9498348,9498348,France
L'Odyssée,10,2016,,122,PG,,,,9491587,9491587,"Belgium, France"
Minuscule - Les mandibules du bout du monde,2,2019,,92,,,,,9484078,9484078,"China, France"
Parlami d'amore,,2008,,,,,,,9482854,9482854,Italy
The Chosen: Season 4 Episodes 4-6,,2024,,,,2228,3622287,9482744,,,United States
Arrancame la Vida,,2008,,107,R,,,,9475906,9475906,Mexico
Mr. Perfect,,2011,,,,,,,9472240,9472240,India
The Station Agent,2,2004,500000,90,R,3,57785,5801558,3668651,9470209,United States
Andiamo a quel paese,11,2014,,90,,,,,9462298,9462298,Italy
Me Case con un Boludo,3,2016,,100,,,,,9460591,9460591,Argentina
Captivity,,2007,,85,R,1061,1429100,2686800,6772940,9459740,"Russian Federation, United States"
Otoko wa tsurai yo 50: Okaeri Tora-san,12,2019,,115,,,,,9459306,9459306,Japan
Ahora o nunca,6,2015,,,,,,,9456067,9456067,Spain
Snezhnaya koroleva. Zazerkale,12,2018,,87,,,,,9456027,9456027,Russian Federation
The Libertine,,2005,22000000,114,R,2,27804,4835065,4613558,9448623,"Australia, United Kingdom"
Belka i Strelka. Zvezdnye sobaki,3,2010,25000000,85,"G
(Rating",,,,9445081,9445081,Russian Federation
Ta Ra Rum Pum,,2007,7400000,,Not,85,425102,872643,8571221,9443864,"India, United States"
Veronica Guerin,7,2003,17000000,98,R,472,611276,1569918,7868156,9438074,"Ireland, United Kingdom, United States"
The Goldfinch,9,2019,40000000,149,R,2542,2679027,5332621,4097289,9429910,United States
Sleepover,10,2004,10000000,89,PG,2207,4171226,9408183,15869,9424052,United States
Secretary,5,2003,4000000,107,R,11,182306,4046737,5365278,9412015,United States
Adopte un veuf,4,2016,6400000,97,,,,,9394401,9394401,France
Mad Hot Ballroom,,2005,500000,,PG,2,45348,8117961,1269620,9387581,United States
Kidnapping Granny K,,2007,,,,,,,9386541,9386541,Republic of Korea
Osman Pazarlama,2,2016,,114,,,,,9385942,9385942,Turkey
Ernest et Celestine,12,2012,12500000,,Not,,,292562,9083882,9376444,France
Song of the Sea,5,2015,,94,PG,1,17967,857524,8514384,9371908,"Belgium, Denmark, France, Ireland, Luxembourg"
Incarnate,4,2024,5000000,86,PG-13,1737,2534884,4799774,4571262,9371036,United States
고死: 피의중간고사,,2008,,,,,,,9370310,9370310,Republic of Korea
Cave of Forgotten Dreams,4,2012,,90,"G
(Rating",5,139101,5304920,4064709,9369629,"Canada, France, Germany, United Kingdom, United States"
Amici come Prima,12,2018,,85,,,,,9367230,9367230,Italy
Captive State,3,2019,25000000,109,PG-13,2548,3131525,5958315,3404895,9363210,United States
Superbabies: Baby Geniuses 2,,2004,20000000,88,PG,1276,3251856,9109322,246047,9355369,
20th Century Women,2,2017,7000000,118,R,4,111200,5664763,3688966,9353729,United States
Martian Child,,2007,27000000,108,PG,2020,3376669,7500310,1851779,9352089,United States
Kisejuu: Part 1,1,2015,,109,,,,,9352004,9352004,Japan
Shi Dai Kuang Ren,3,2019,,90,,,,,9345649,9345649,China
Kissing Jessica Stein,,2002,1500000,,R,26,346999,7025722,2319339,9345061,United States
Tri bogatyrya i Naslednitsa prestola,12,2018,,90,,,,,9343851,9343851,Russian Federation
Salvando al Soldado Perez,,2011,4500000,82,PG-13,161,664517,1400726,7929739,9330465,Mexico
Special Citizen,4,2017,,126,Not,29,47128,96777,9226275,9323052,Republic of Korea
Il 7 e l'8,,2007,,90,,,,,9321290,9321290,Italy
On the Road,5,2012,25000000,125,R,4,39550,720828,8592474,9313302,"Brazil, France"
Open Season 3,,2011,,,PG,,,,9312631,9312631,United States
Jangsanbeom,7,2017,,100,,,,,9312084,9312084,Republic of Korea
La nouvelle guerre des boutons,,2012,,99,Not,5,4737,45602,9263952,9309554,France
Peeples,,2013,11000000,95,PG-13,2041,4611534,9177065,130101,9307166,United States
Black House,,2007,,104,,,,,9306547,9306547,Republic of Korea
Serbuan maut,3,2012,1100000,100,R,14,213785,4105123,5192284,9297407,Indonesia
Red Shoes and the Seven Dwarfs,7,2019,,92,PG,,,,9293111,9293111,Republic of Korea
Salaam Namaste,,2005,,,Not,63,504897,1411065,7876656,9287721,India
Danny Collins,3,2015,10000000,106,R,5,72459,5637066,3634759,9271825,United States
Me and Earl and the Dying Girl,9,2015,8000000,105,PG-13,15,196496,6758416,2507764,9266180,United States
Denial,11,2016,10000000,110,PG-13,5,93728,4073448,5190492,9263940,United Kingdom
Sztuka kochania. Historia Michaliny Wislockiej,1,2017,1300000,,,,,,9261982,9261982,Poland
Le nom des gens,,2011,4600000,95,R,5,30372,514237,8747474,9261711,France
C'est quoi cette mamie?!,8,2019,,99,,,,,9254602,9254602,"Belgium, France"
Les Innocentes,2,2016,6200000,115,PG-13,3,30896,1065665,8183477,9249142,"France, Poland"
Revenge for Love,2,2017,,,,,,,9242543,9242543,China
Ailecek Şaşkınız,3,2018,,113,,,,,9231581,9231581,Turkey
A bout portant,,2011,,84,R,6,41031,708215,8521942,9230157,France
House Party,1,2023,,110,R,1400,3985882,9011251,202484,9213735,United States
Everybody's Fine,,2009,20000000,100,PG-13,2133,3852068,9208876,,,United States
Ng goh siu hai dik hau jeung,3,2015,,112,,,,,9208180,9208180,Hong Kong
Mon meilleur ami,,2007,,94,PG-13,3,45246,1422461,7783474,9205935,France
À bras ouverts,4,2017,,92,,,,,9201795,9201795,"Belgium, France"
Çalgi Çengi Ikimiz,1,2016,,116,,,,,9201138,9201138,Turkey
Deux jours à tuer,,2008,,,,,,,9196127,9196127,France
Dukhless 2,3,2015,,103,,,,,9194350,9194350,Russian Federation
The Last Women Standing,11,2015,,96,Not,17,73344,163406,9027962,9191368,"China, Hong Kong"
Mid90s,2,2019,2800000,85,R,4,258157,7362439,1824464,9186903,United States
State and Main,,2000,,105,R,72,580163,6920692,2261808,9182500,"France, United States"
La promesse de l'aube,12,2017,,131,,,,,9180852,9180852,France
Chiadan: Joshi kousei ga chiadansu de zenbei seihashichatta honto no hanashi,3,2017,,121,,,,,9170294,9170294,Japan
La befana vien di notte,12,2018,,98,,,,,9166973,9166973,"Italy, Spain"
Vier Gegen die Bank,12,2016,,96,,,,,9165727,9165727,Germany
Planeta Singli 2,11,2018,,119,,,,,9164918,9164918,Poland
Evangerion shin gekijôban: Jo,1,2008,,98,PG-13,,,107797,9034766,9142563,Japan
Kardeşim Benim,1,2016,,,,,,,9138840,9138840,Turkey
Official Secrets,9,2019,,100,R,4,64965,1996766,7133569,9130335,"United Kingdom, United States"
Juste La Fin Du Monde,9,2016,,97,Not,,,,9122927,9122927,"Canada, France"
The Adventures of Shuke and Beita,12,2023,,,,,,,9119427,9119427,China
Filth,11,2013,,97,R,3,7526,34411,9079853,9114264,United Kingdom
Mientras duermes,5,2012,5000000,108,Not,,,,9109597,9109597,Spain
Naratâju,10,2017,,140,,,,,9109549,9109549,Japan
Wo shi lu ren jia,6,2015,,134,,,,,9102576,9102576,China
Meet the Blacks,,2016,900000,93,R,1015,4055940,9097072,,,United States
Marguerite,9,2015,,127,R,3,21723,497323,8595029,9092352,"Belgium, Czech Republic, France"
Baram Baram Baram,4,2018,,100,,,,,9083567,9083567,Republic of Korea
Metallica Through the Never,10,2013,18000000,93,R,305,1576561,3419967,5662939,9082906,United States
Tu xia zhi qing li chuan shuo,2,2015,,90,Not,,,,9076648,9076648,China
Sadako vs. Kayako,1,2016,,98,,,,,9075247,9075247,Japan
Cien años de perdón,3,2016,,96,R,,,,9074836,9074836,"Argentina, France, Spain"
Gu Tian Jun Hao,8,2019,,90,,,,,9070000,9070000,China
Brave Story,7,2006,,112,Not,,,,9069428,9069428,Japan
The Last Recipe: Kirin no shita no kioku,11,2017,,,,,,,9066016,9066016,Japan
Jagga Jasoos,7,2017,,161,Not,210,490232,861740,8193932,9055672,India
Jiǎn Chá Fēng Yún,4,2023,,100,,,,,9051541,9051541,China
Werk ohne Autor,10,2018,1400000,189,R,1,,1303747,7745204,9048951,Germany
Le premier jour du reste de ta vie,,2008,,,,,,,9046096,9046096,France
Zashchitniki,2,2017,,89,,,,,9043794,9043794,Russian Federation
Paulette,1,2013,,87,R,1,882,29086,9014168,9043254,France
Hanu Man,1,2024,2500000,,,430,2300000,2300000,6738053,9038053,India
Teukbyeolsusa: Sahyoungsuui Pyeonji,5,2016,,120,,,,,9037565,9037565,Republic of Korea
Replicas,10,2018,30000000,107,PG-13,2329,2375325,4046429,4990998,9037427,United States
El mejor verano de mi vida,7,2018,,91,,,,,9036095,9036095,Spain
Snowtime!,12,2015,,82,PG,,,,9034956,9034956,Canada
Frau Müller muss weg!,1,2015,,83,,,,,9031225,9031225,Germany
Ba Jie Chuan Shuo,7,2019,,90,,,,,9023944,9023944,China
Ketenpere,11,2017,,108,,,,,8992225,8992225,Turkey
What We Did on Our Holiday,9,2014,,95,PG-13,,,4200,8979247,8983447,United Kingdom
Super Express,12,2016,,91,,,,,8980243,8980243,China
