movie_name,month,year,ratings,user_vote,genres,country
(500) Days of Summer,9.0,2009.0,,,,
10 Cloverfield Lane,3.0,2016.0,7.2,355000,,
"10,000 B.C.",3.0,2008.0,,,,
10000 BC,3.0,2008.0,5.1,136000,,United States South Africa
102 Dalmatians,11.0,2000.0,4.8,40000,,
12 Rounds,3.0,2009.0,5.6,31000,,
12 Strong,1.0,2018.0,6.5,92000,,
12 Years a Slave,10.0,2013.0,8.1,742000,,
127 Hours,11.0,2010.0,7.5,402000,,
13 Going On 30,9.0,2004.0,,,,
13 Going on 30,4.0,2004.0,6.3,217000,,United States
13 Hours: The Secret Soldiers of Benghazi,1.0,2016.0,7.3,161000,,
1408,6.0,2007.0,6.8,295000,,
15 Minutes,3.0,2001.0,6.1,52000,,
16 Blocks,3.0,2006.0,6.6,135000,,
17 Again,4.0,2009.0,6.4,217000,,
1917,1.0,2020.0,,,,
2 Fast 2 Furious,6.0,2003.0,5.9,298000,,
2 For the Money,10.0,2005.0,,,,
2 Guns,8.0,2013.0,6.7,226000,,
20 Feet From Stardom,11.0,2013.0,,,,
2012,11.0,2009.0,5.8,398000,,
2016: Obama’s America,7.0,2012.0,,,,
2046,8.0,2005.0,7.4,62000,,
20th Century Women,12.0,2016.0,7.3,49000,,
21,3.0,2008.0,6.8,267000,,
21 & Over,3.0,2013.0,5.8,77000,,United States
21 Bridges,11.0,2019.0,,,,
21 Grams,11.0,2003.0,7.6,246000,,
21 Jump Street,3.0,2012.0,7.2,599000,,
21 and Over,3.0,2013.0,,,,
22 Jump Street,6.0,2014.0,7.0,407000,,
25th Hour,12.0,2002.0,7.6,185000,,
27 Dresses,1.0,2008.0,6.1,175000,,
28 Days,4.0,2000.0,,,,
28 Days Later,6.0,2003.0,7.5,447000,,United Kingdom United States
28 Days Later…,9.0,2003.0,,,,
28 Weeks Later,5.0,2007.0,6.9,294000,,
3 Days to Kill,2.0,2014.0,6.2,98000,,
3 Strikes,3.0,2000.0,,,,
30 Days of Night,10.0,2007.0,6.6,190000,,
30 Minutes or Less,8.0,2011.0,6.1,107000,,
300,3.0,2007.0,7.6,865000,,
3000 Miles to Graceland,2.0,2001.0,6.0,49000,,
300: Rise of an Empire,3.0,2014.0,6.2,316000,,
3:10 to Yuma,9.0,2007.0,7.6,331000,,
40 Days and 40 Nights,3.0,2002.0,5.6,76000,,
42,4.0,2013.0,7.5,103000,,
47 Meters Down,6.0,2017.0,5.6,61000,,
47 Meters Down: Uncaged,8.0,2019.0,5.0,31000,,
47 Ronin,12.0,2013.0,6.2,171000,,
50 First Dates,2.0,2004.0,6.8,383000,,
50/50,9.0,2011.0,7.6,343000,,
500 Days of Summer,7.0,2009.0,7.7,559000,,United States
65,3.0,2023.0,5.4,88000,,
8 Mile,11.0,2002.0,7.2,321000,,
8 femmes,9.0,2002.0,,,,
80 for Brady,2.0,2023.0,5.9,12000,,
88 Minutes,4.0,2008.0,5.9,78000,,
9,9.0,2009.0,7.0,148000,,
90 Minutes in Heaven,9.0,2015.0,4.9,43000,,United States
99 Homes,9.0,2015.0,7.1,38000,,United States
A Bad Moms Christmas,11.0,2017.0,5.6,58000,,
A Beautiful Day in the Neighborhood,12.0,2019.0,,,,
A Beautiful Mind,12.0,2001.0,8.2,988000,,
A Better Life,6.0,2011.0,7.2,17000,,United States
A Christmas Carol,11.0,2009.0,6.8,130000,,United States United Kingdom
A Cinderella Story,7.0,2004.0,5.9,94000,,
A Cure for Wellness,2.0,2017.0,6.4,110000,,
A Dangerous Method,11.0,2011.0,6.4,108000,,
A Dog's Journey,5.0,2019.0,7.4,29000,,China India Hong Kong United States
A Dog's Purpose,1.0,2017.0,7.2,79000,,United States India
A Dog's Way Home,1.0,2019.0,6.7,20000,,China United States
A Dog’s Journey,5.0,2019.0,,,,
A Dog’s Purpose,1.0,2017.0,,,,
A Dog’s Way Home,1.0,2019.0,,,,
A Ghost Story,7.0,2017.0,6.8,80000,,United States
A Good Day to Die Hard,2.0,2013.0,5.2,215000,,
A Good Year,11.0,2006.0,6.9,101000,,
A Guy Thing,1.0,2003.0,5.6,18000,,United States
A Haunted House,1.0,2013.0,5.0,50000,,
A Haunted House 2,4.0,2014.0,4.7,23000,,
A History of Violence,9.0,2005.0,7.4,253000,,
A Hologram for the King,4.0,2016.0,6.1,48000,,
A Home at the End of the World,7.0,2004.0,6.6,14000,,United States
A Knight's Tale,5.0,2001.0,7.0,202000,,United States
A Knight’s Tale,8.0,2001.0,,,,
A Lot Like Love,4.0,2005.0,6.6,71000,,
A Madea Family Funeral,3.0,2019.0,4.7,51000,,United States
A Man Apart,4.0,2003.0,6.0,49000,,
A Mighty Heart,6.0,2007.0,6.6,28000,,
A Mighty Wind,4.0,2003.0,7.2,30000,,
A Million Ways to Die in The West,5.0,2014.0,,,,
A Million Ways to Die in the West,5.0,2014.0,6.1,199000,,United States
A Monster Calls,12.0,2016.0,7.4,94000,,
A Most Violent Year,12.0,2014.0,7.0,78000,,
A Most Wanted Man,7.0,2014.0,6.7,80000,,
A Nightmare on Elm Street,4.0,2010.0,5.2,108000,,
A Perfect Getaway,8.0,2009.0,6.5,76000,,
A Prairie Home Companion,6.0,2006.0,6.7,24000,,
A Prophet,2.0,2010.0,7.8,102000,,France Italy
A Quiet Place,4.0,2018.0,7.5,585000,,
A Scanner Darkly,7.0,2006.0,7.0,117000,,
A Series of Unfortunate Events,12.0,2004.0,6.8,221000,,Germany United States
A Serious Man,10.0,2009.0,7.0,150000,,
A Simple Favor,9.0,2018.0,6.8,163000,,
A Single Man,12.0,2009.0,7.5,118000,,
A Sound of Thunder,9.0,2005.0,4.2,21000,,
A Star Is Born,10.0,2018.0,7.6,420000,,United States
A Star is Born,10.0,2018.0,,,,
A Thousand Words,3.0,2012.0,5.8,45000,,
A Very Harold & Kumar 3D Christmas,11.0,2011.0,,,,
A Very Harold & Kumar Christmas,11.0,2011.0,6.2,73000,,United States
A Very Long Engagement,11.0,2004.0,7.6,76000,,France United States
A Walk Among the Tombstones,9.0,2014.0,6.5,127000,,
A Walk in the Woods,9.0,2015.0,6.4,30000,,
A Walk to Remember,1.0,2002.0,7.3,222000,,
A Wrinkle in Time,3.0,2018.0,4.3,48000,,
A.I. Artificial Intelligence,6.0,2001.0,7.2,323000,,United States United Kingdom
A.X.L.,8.0,2018.0,,,,
ATL,3.0,2006.0,6.1,12000,,
AVP: Alien Vs. Predator,9.0,2004.0,,,,
Abandon,10.0,2002.0,4.8,10000,,United States Germany Canada
Abduction,9.0,2011.0,5.1,83000,,
Abominable,9.0,2019.0,7.0,42000,,
About Last Night,2.0,2014.0,6.0,25000,,
About Schmidt,12.0,2002.0,7.2,134000,,
About Time,9.0,2013.0,,,,
About a Boy,5.0,2002.0,7.1,192000,,
Abraham Lincoln: Vampire Hunter,6.0,2012.0,5.9,162000,,
Accepted,8.0,2006.0,6.4,140000,,
Acrimony,3.0,2018.0,5.9,10000,,
Across the Universe,9.0,2007.0,7.3,114000,,
Act of Valor,2.0,2012.0,6.4,72000,,
Action Point,6.0,2018.0,5.1,12000,,
Ad Astra,9.0,2019.0,6.5,261000,,
Adaptation.,12.0,2002.0,7.7,203000,,United States
Addicted,10.0,2014.0,5.0,12000,,
Admission,3.0,2013.0,5.7,36000,,
Adrift,6.0,2018.0,6.6,62000,,
Adventureland,4.0,2009.0,6.8,169000,,
Aeon Flux,12.0,2005.0,,,,
After,4.0,2019.0,5.3,66000,,
After Earth,5.0,2013.0,4.8,209000,,
After the Sunset,11.0,2004.0,6.2,50000,,
Against the Ropes,2.0,2004.0,5.3,74000,,
Agent Cody Banks,3.0,2003.0,5.1,37000,,
Agent Cody Banks 2: Destination London,3.0,2004.0,4.5,16000,,
Agora,5.0,2010.0,7.1,73000,,
Akeelah and the Bee,4.0,2006.0,7.4,22000,,
Aladdin,5.0,2019.0,6.9,291000,,
Albert Nobbs,1.0,2012.0,6.7,26000,,
Alex & Emma,6.0,2003.0,5.5,14000,,
Alex Cross,10.0,2012.0,5.2,35000,,
Alexander,11.0,2004.0,5.6,177000,,
Alexander and the Terrible Horrible No Good Very Bad Day,10.0,2014.0,6.2,47000,,United States
"Alexander and the Terrible, Horrible, No Good, Very Bad Day",10.0,2014.0,,,,
Alfie,11.0,2004.0,6.2,55000,,
Ali,12.0,2001.0,6.7,106000,,
Alice Through the Looking Glass,5.0,2016.0,6.2,123000,,
Alice in Wonderland,3.0,2010.0,6.4,442000,,
Alien,10.0,2019.0,8.5,953000,,United Kingdom United States
Alien vs. Predator,8.0,2004.0,5.7,213000,,Czech Republic United Kingdom Germany Canada United States
Alien: Covenant,5.0,2017.0,6.4,304000,,
Aliens in the Attic,7.0,2009.0,5.4,24000,,
Aliens vs. Predator - Requiem,12.0,2007.0,,,,
Alita: Battle Angel,2.0,2019.0,7.3,294000,,
All About Steve,9.0,2009.0,4.8,44000,,
All About the Benjamins,3.0,2002.0,5.8,16000,,
All Eyez on Me,6.0,2017.0,5.9,25000,,
All I See Is You,10.0,2017.0,5.4,13000,,United States Thailand
All Saints,8.0,2017.0,6.2,19000,,
All is Lost,11.0,2013.0,,,,
All or Nothing,10.0,2002.0,7.5,11000,,United Kingdom France
All the King's Men,9.0,2006.0,6.1,26000,,Germany United States
All the Money in the World,12.0,2017.0,6.8,91000,,
All the Pretty Horses,12.0,2000.0,5.8,16000,,
All the Queen's Men,10.0,2002.0,4.8,27000,,United States Austria Germany
Allied,11.0,2016.0,7.1,170000,,
Almost Christmas,11.0,2016.0,6.1,79000,,
Almost Famous,9.0,2000.0,7.9,294000,,
Aloha,5.0,2015.0,5.4,71000,,
Alone Yet Not Alone,9.0,2013.0,4.7,977,,United States
Alone in the Dark,1.0,2005.0,2.4,47000,,Canada Germany United States
Along Came Polly,1.0,2004.0,6.0,144000,,
Along Came a Spider,4.0,2001.0,6.4,96000,,
Alpha,8.0,2018.0,6.6,67000,,
Alpha and Omega,9.0,2010.0,5.1,15000,,
Alvin and the Chipmunks,12.0,2007.0,5.2,95000,,
Alvin and the Chipmunks: Chipwrecked,12.0,2011.0,4.4,40000,,
Alvin and the Chipmunks: The Road Chip,12.0,2015.0,4.9,23000,,
Alvin and the Chipmunks: The Squeakquel,12.0,2009.0,4.5,55000,,
Amelia,10.0,2009.0,5.8,14000,,
America's Sweethearts,7.0,2001.0,5.7,60000,,
American Assassin,9.0,2017.0,6.2,91000,,
American Dreamz,4.0,2006.0,5.5,25000,,
American Gangster,11.0,2007.0,7.8,453000,,
American Hustle,12.0,2013.0,7.2,501000,,
American Made,9.0,2017.0,7.1,209000,,
American Outlaws,8.0,2001.0,5.9,18000,,
American Pie 2,8.0,2001.0,6.4,270000,,
American Psycho,10.0,2020.0,,,,
American Reunion,4.0,2012.0,6.7,224000,,
American Sniper,12.0,2014.0,7.3,530000,,
American Splendor,8.0,2003.0,7.4,52000,,
American Ultra,8.0,2015.0,6.1,96000,,
American Wedding,8.0,2003.0,6.3,217000,,
Amigo,8.0,2011.0,6.4,667,,United States Philippines
Amores Perros,3.0,2001.0,8.1,253000,,
Amour,12.0,2012.0,7.9,106000,,
Am�lie,11.0,2001.0,8.3,795000,,France Germany
An American Carol,10.0,2008.0,4.0,10000,,
An American Haunting,5.0,2006.0,5.0,27000,,
An Education,10.0,2009.0,7.3,138000,,
An Everlasting Piece,12.0,2000.0,6.2,17000,,United States
An Inconvenient Sequel,8.0,2017.0,,,,
An Inconvenient Sequel: Truth to Power,7.0,2017.0,6.6,84000,,United States
An Inconvenient Truth,5.0,2006.0,7.4,85000,,
An Unfinished Life,9.0,2005.0,7.0,34000,,
Anacondas: The Hunt for the Blood Orchid,8.0,2004.0,4.7,34000,,
Analyze That,12.0,2002.0,5.9,90000,,
Anchorman 2: The Legend Continues,2.0,2014.0,6.3,192000,,
Anchorman: The Legend of Ron Burgundy,7.0,2004.0,7.1,379000,,
And So It Goes,7.0,2014.0,5.9,15000,,
Angel Eyes,5.0,2001.0,5.7,26000,,
Angel Has Fallen,8.0,2019.0,6.4,111000,,
Angels & Demons,5.0,2009.0,6.7,310000,,
Anger Management,4.0,2003.0,6.2,229000,,
Animal Kingdom,8.0,2010.0,7.2,61000,,
Anna,6.0,2019.0,6.6,95000,,
Anna Karenina,11.0,2012.0,6.6,107000,,
Annabelle,10.0,2014.0,5.4,176000,,
Annabelle Comes Home,6.0,2019.0,5.9,87000,,
Annabelle: Creation,8.0,2017.0,6.5,151000,,
Annie,12.0,2014.0,5.3,41000,,
Annihilation,2.0,2018.0,6.8,362000,,
Anomalisa,12.0,2015.0,7.2,75000,,
Anonymous,10.0,2011.0,6.8,42000,,
Another Year,12.0,2010.0,7.4,31000,,
Ant-Man,7.0,2015.0,7.2,723000,,
Ant-Man and the Wasp,7.0,2018.0,7.0,451000,,
Ant-Man and the Wasp: Quantumania,2.0,2023.0,6.1,229000,,
Antitrust,1.0,2001.0,6.1,30000,,United States
Antwone Fisher,12.0,2002.0,7.3,38000,,
Anyone But You,12.0,2023.0,,,,
Anything Else,9.0,2003.0,6.3,33000,,United States France United Kingdom
Apocalypto,12.0,2006.0,7.8,332000,,
Apollo 18,9.0,2011.0,5.2,58000,,
Appaloosa,9.0,2008.0,6.7,65000,,
Aqua Teen Hunger Force Colon Movie Film for Theaters,4.0,2007.0,6.7,14000,,
Aquaman,12.0,2018.0,6.8,521000,,
Aquaman and the Lost Kingdom,12.0,2023.0,,,,
Aquamarine,3.0,2006.0,5.4,45000,,
Ararat,11.0,2002.0,6.3,15000,,Canada France
Arbitrage,9.0,2012.0,6.6,55000,,
Arctic Dogs,11.0,2019.0,,,,
Are We There Yet?,1.0,2005.0,4.8,35000,,
"Are You There God? It’s Me, Margaret",5.0,2023.0,,,,
Argo,10.0,2012.0,7.7,640000,,
Argylle,1.0,2024.0,,,,
Armored,12.0,2009.0,5.7,32000,,
Around the World in 80 Days,6.0,2004.0,5.9,95000,,
Arrietty,1.0,2012.0,,,,
Arrival,11.0,2016.0,7.9,773000,,
Arthur,4.0,2011.0,5.7,53000,,
Arthur Christmas,11.0,2011.0,7.1,67000,,
Arthur et les Minimoys,12.0,2006.0,,,,
Artificial Intelligence: AI,6.0,2001.0,,,,
"As Above, So Below",8.0,2014.0,,,,
Assassin's Creed,12.0,2016.0,5.6,209000,,United States France United Kingdom Hong Kong Taiwan Malta Spain Canada
Assassin’s Creed,12.0,2016.0,,,,
Assault On Precinct 13,4.0,2005.0,,,,
Assault on Precinct 13,1.0,2005.0,6.3,82000,,France United States
Astro Boy,10.0,2009.0,6.2,40000,,
Atlantis: The Lost Empire,6.0,2001.0,6.9,134000,,
Atlas Shrugged: Part I,4.0,2011.0,5.6,14000,,United States
Atomic Blonde,7.0,2017.0,6.7,207000,,
Atonement,12.0,2007.0,7.8,300000,,
Attack the Block,7.0,2011.0,6.7,111000,,
August Rush,11.0,2007.0,7.4,111000,,
August: Osage County,12.0,2013.0,7.2,95000,,
Austin Powers in Goldmember,7.0,2002.0,6.2,223000,,
Australia,11.0,2008.0,6.6,130000,,
Autumn in New York,8.0,2000.0,,,,
Avatar,12.0,2009.0,7.9,14000000,,
Avengers: Age of Ultron,5.0,2015.0,7.3,923000,,
Avengers: Endgame,4.0,2019.0,8.4,13000000,,
Avengers: Infinity War,4.0,2018.0,8.4,12000000,,
Awake,11.0,2007.0,6.5,81000,,
Away We Go,6.0,2009.0,7.0,55000,,
Babel,10.0,2006.0,7.5,317000,,
Baby Boy,6.0,2001.0,6.4,17000,,United States
Baby Driver,6.0,2017.0,7.5,613000,,
Baby Mama,4.0,2008.0,6.0,48000,,
Babylon A.D.,8.0,2008.0,5.5,98000,,
Bachelorette,9.0,2012.0,5.3,49000,,
Bad Boys II,7.0,2003.0,6.6,268000,,
Bad Company,6.0,2002.0,5.6,50000,,
Bad Education,11.0,2004.0,7.4,63000,,Spain
Bad Lieutenant: Port of Call New Orleans,11.0,2009.0,6.6,81000,,
Bad Moms,7.0,2016.0,6.2,135000,,
Bad News Bears,7.0,2005.0,5.8,23000,,United States
Bad Santa,11.0,2003.0,7.1,155000,,
Bad Santa 2,11.0,2016.0,5.6,29000,,
Bad Teacher,6.0,2011.0,5.7,213000,,
Bad Times at the El Royale,10.0,2018.0,7.1,165000,,
Bad Words,3.0,2014.0,6.6,55000,,
Baggage Claim,9.0,2013.0,5.1,97000,,
Bait,9.0,2000.0,,,,
Ballerina,1.0,2009.0,7.3,421,,
Ballistic: Ecks vs. Sever,9.0,2002.0,3.7,21000,,United States Germany
Bandits,10.0,2001.0,6.5,71000,,
Bandslam,8.0,2009.0,6.3,15000,,
Bangkok Dangerous,9.0,2008.0,5.3,58000,,
Banlieue 13,6.0,2006.0,,,,
Barbershop,9.0,2002.0,6.3,34000,,
Barbershop 2: Back in Business,2.0,2004.0,5.7,16000,,
Barbershop: The Next Cut,4.0,2016.0,5.9,16000,,
Barbie,7.0,2023.0,6.8,540000,,
Barney's Version,1.0,2011.0,7.3,26000,,
Barnyard,8.0,2006.0,5.6,35000,,United States Germany
Barnyard: The Original Party Animals,8.0,2006.0,,,,
Basic,3.0,2003.0,6.4,67000,,
Basic Instinct 2,3.0,2006.0,4.4,42000,,
Batman Begins,6.0,2005.0,8.2,16000000,,
Batman v Superman: Dawn of Justice,3.0,2016.0,6.5,753000,,
Battle Los Angeles,3.0,2011.0,5.7,185000,,United States
Battle of the Sexes,9.0,2017.0,6.7,60000,,
Battle of the Year,9.0,2013.0,5.0,97000,,
Battle: Los Angeles,3.0,2011.0,,,,
Battlefield Earth: A Saga of the Year 3000,5.0,2000.0,,,,
Battleship,5.0,2012.0,5.8,258000,,
Baywatch,5.0,2017.0,5.5,202000,,
Be Cool,3.0,2005.0,5.6,72000,,
Be Kind Rewind,2.0,2008.0,6.4,94000,,
Beastly,3.0,2011.0,5.5,80000,,
Beasts of the Southern Wild,6.0,2012.0,7.2,85000,,
Beau is Afraid,4.0,2023.0,,,,
Beautiful Boy,10.0,2018.0,7.4,100000,,
Beautiful Creatures,2.0,2013.0,6.1,91000,,
Beauty Shop,3.0,2005.0,5.6,19000,,
Beauty and the Beast,3.0,2017.0,7.1,335000,,
Because I Said So,2.0,2007.0,5.6,40000,,
Because of Winn-Dixie,2.0,2005.0,6.4,13000,,
Becoming Jane,8.0,2007.0,7.0,65000,,
Bedazzled,10.0,2000.0,6.1,112000,,
Bedtime Stories,12.0,2008.0,6.0,101000,,
Bee Movie,11.0,2007.0,6.1,180000,,
Bee Season,11.0,2005.0,5.5,72000,,Germany United States
Beerfest,8.0,2006.0,6.2,71000,,
Before I Fall,3.0,2017.0,6.4,57000,,
Before I Go to Sleep,10.0,2014.0,6.3,84000,,
Before Midnight,5.0,2013.0,7.9,172000,,
Before Sunset,7.0,2004.0,8.1,289000,,
Begin Again,6.0,2014.0,7.4,167000,,
Beginners,6.0,2011.0,7.2,95000,,
Behind Enemy Lines,11.0,2001.0,6.4,113000,,
Being Julia,10.0,2004.0,7.0,13000,,Canada United States Hungary United Kingdom
Bella,10.0,2007.0,7.1,11000,,
Ben is Back,12.0,2018.0,,,,
Ben-Hur,8.0,2016.0,5.7,47000,,
Bend it Like Beckham,4.0,2002.0,,,,
Beowulf,11.0,2007.0,6.3,174000,,
Bernie,4.0,2012.0,6.8,64000,,
Best in Show,9.0,2000.0,7.4,67000,,United States
Better Luck Tomorrow,4.0,2003.0,7.0,10000,,United States
Beverly Hills Chihuahua,10.0,2008.0,3.9,26000,,
Bewitched,6.0,2005.0,4.8,76000,,
Beyond Borders,10.0,2003.0,6.4,29000,,
Beyond the Lights,11.0,2014.0,6.8,17000,,
Beyond the Sea,12.0,2004.0,6.7,16000,,United Kingdom Germany United States
Big Eyes,12.0,2014.0,7.0,99000,,
Big Fat Liar,2.0,2002.0,5.5,40000,,
Big Fish,12.0,2003.0,8.0,459000,,
Big George Foreman: The Miraculous Story of the Once and Future Heavyweight Champion of the World,4.0,2023.0,,,,
Big Hero 6,11.0,2014.0,7.8,503000,,
Big Miracle,2.0,2012.0,6.5,21000,,
Big Momma's House,6.0,2000.0,,,,
Big Momma's House 2,1.0,2006.0,4.8,47000,,
Big Mommas: Like Father Like Son,2.0,2011.0,4.4,29000,,United States
"Big Mommas: Like Father, Like Son",2.0,2011.0,,,,
Big Trouble,4.0,2002.0,6.4,22000,,
Bigger Than the Sky,2.0,2005.0,5.9,16000,,United States
Biker Boyz,1.0,2003.0,4.7,14000,,United States
Bikur Ha-Tizmoret,2.0,2008.0,,,,
Billy Elliot,10.0,2000.0,7.7,143000,,
Billy Lynn’s Long Halftime Walk,11.0,2016.0,,,,
Birdman or,1.0,2015.0,,,,
Birdman or (The Unexpected Virtue of Ignorance),10.0,2014.0,7.7,667000,,United States
Birth,10.0,2004.0,6.3,41000,,United Kingdom Germany United States
Birth of the Dragon,8.0,2017.0,5.7,88000,,
Birthday Girl,2.0,2002.0,6.0,26000,,United Kingdom United States
Biutiful,1.0,2011.0,7.4,95000,,
BlacKkKlansman,8.0,2018.0,7.5,292000,,
Black Book,4.0,2007.0,7.7,81000,,Netherlands Germany United Kingdom Belgium
Black Christmas,12.0,2006.0,4.7,31000,,
Black Hawk Down,12.0,2001.0,7.7,424000,,
Black Knight,11.0,2001.0,4.9,43000,,
Black Mass,9.0,2015.0,6.9,193000,,
Black Nativity,11.0,2013.0,4.8,24000,,
Black Panther,2.0,2018.0,7.3,839000,,
Black Snake Moan,3.0,2007.0,6.9,67000,,
Black Swan,12.0,2010.0,8.0,826000,,
Black and Blue,10.0,2019.0,6.4,27000,,
Black and White,4.0,2000.0,,,,
Black or White,1.0,2015.0,6.6,14000,,
Blackhat,1.0,2015.0,5.5,64000,,
Blade 2,3.0,2002.0,,,,
Blade II,3.0,2002.0,6.7,235000,,United States Germany
Blade Runner 2049,10.0,2017.0,8.0,667000,,
Blade: Trinity,12.0,2004.0,5.8,188000,,
Blades of Glory,3.0,2007.0,6.3,178000,,
Blair Witch,9.0,2016.0,5.0,50000,,
Bleed for This,12.0,2016.0,,,,
Blended,5.0,2014.0,6.5,145000,,
Bless the Child,8.0,2000.0,,,,
Blinded by the Light,8.0,2019.0,6.9,27000,,
Blindness,10.0,2008.0,6.5,75000,,
Blockers,4.0,2018.0,6.2,86000,,
Blood Diamond,12.0,2006.0,8.0,587000,,
Blood Done Sign My Name,2.0,2010.0,6.5,645,,United States
Blood Work,8.0,2002.0,6.4,48000,,
Blood and Chocolate,1.0,2007.0,5.3,18000,,United States United Kingdom Germany Romania
BloodRayne,1.0,2006.0,3.0,37000,,Canada Germany United States
Bloodshot,11.0,2019.0,,,,
Blow,4.0,2001.0,7.5,275000,,
Blue Beetle,8.0,2023.0,6.0,95000,,
Blue Crush,8.0,2002.0,5.7,33000,,
Blue Jasmine,7.0,2013.0,7.3,213000,,
Blue Valentine,12.0,2010.0,7.3,212000,,
Boat Trip,3.0,2003.0,4.9,32000,,United States Germany
Bobby,11.0,2006.0,7.0,43000,,
Bobby Jones: Stroke of Genius,4.0,2004.0,6.6,41000,,United States
Body of Lies,10.0,2008.0,7.0,240000,,
Bohemian Rhapsody,11.0,2018.0,7.9,594000,,
Boiler Room,2.0,2000.0,,,,
Bolt,11.0,2008.0,6.8,229000,,
Bombshell,12.0,2019.0,,,,
Bon Voyage,10.0,2003.0,6.7,51000,,
Bones,10.0,2001.0,4.4,82000,,
Boo 2! A Madea Halloween,10.0,2017.0,4.0,53000,,United States
Boo! A Madea Halloween,10.0,2016.0,4.6,93000,,Hong Kong United States
Boogeyman,2.0,2005.0,4.2,33000,,
Book Club,5.0,2018.0,6.1,33000,,
Book of Shadows: Blair Witch 2,10.0,2000.0,,,,
Booksmart,5.0,2019.0,7.1,131000,,
Borat,11.0,2006.0,7.4,443000,,
Borg vs McEnroe,9.0,2017.0,,,,
Bounce,11.0,2000.0,5.8,22000,,
Bowling for Columbine,10.0,2002.0,8.0,149000,,
Boy Erased,11.0,2018.0,,,,
Boyhood,7.0,2014.0,7.9,367000,,
Boys and Girls,6.0,2000.0,,,,
Bran Nue Dae,9.0,2010.0,6.2,2000,,
Brave,6.0,2012.0,7.1,443000,,
Breakin' All the Rules,5.0,2004.0,5.6,64000,,
Breaking In,5.0,2018.0,5.5,17000,,
Breakthrough,4.0,2019.0,6.3,11000,,
Brick Mansions,4.0,2014.0,5.6,44000,,
Bride & Prejudice,2.0,2005.0,6.2,22000,,United Kingdom United States India France
Bride Wars,1.0,2009.0,5.5,116000,,
Bridesmaids,5.0,2011.0,6.8,310000,,
Bridge of Spies,10.0,2015.0,7.6,328000,,
Bridge to Terabithia,2.0,2007.0,7.2,174000,,
Bridget Jones's Baby,9.0,2016.0,6.5,82000,,United States France China United Kingdom
Bridget Jones's Diary,4.0,2001.0,6.8,264000,,
Bridget Jones: The Edge Of Reason,11.0,2004.0,,,,
Bridget Jones: The Edge of Reason,11.0,2004.0,6.0,123000,,United Kingdom France Germany Ireland United States
Bridget Jones’s Baby,9.0,2016.0,,,,
Bright Star,9.0,2009.0,6.9,29000,,
BrightBurn,5.0,2019.0,,,,
Brightburn,5.0,2019.0,6.1,108000,,United States
Brighton Rock,8.0,2011.0,5.7,68000,,United Kingdom France
Bring it On,8.0,2000.0,,,,
Bringing Down the House,3.0,2003.0,5.6,39000,,
Brokeback Mountain,12.0,2005.0,7.7,383000,,
Broken City,1.0,2013.0,6.1,83000,,
Broken Flowers,8.0,2005.0,7.1,107000,,
Brooklyn,11.0,2015.0,7.5,151000,,
Brooklyn Rules,5.0,2007.0,6.3,6000,,United States
Brooklyn's Finest,3.0,2010.0,6.7,66000,,
Brother Bear,10.0,2003.0,6.9,124000,,
Brotherhood of the Wolf,1.0,2023.0,7.0,72000,,France
Brothers,12.0,2009.0,7.1,147000,,
Brown Sugar,10.0,2002.0,6.5,10000,,United States
Bruce Almighty,5.0,2003.0,6.8,434000,,
Brüno,7.0,2009.0,,,,
Bubble,1.0,2006.0,6.5,84000,,United States
Bubble Boy,8.0,2001.0,5.7,35000,,United States
Bucky Larson: Born to Be a Star,9.0,2011.0,3.3,13000,,United States
Buffalo Soldiers,7.0,2003.0,6.7,26000,,United Kingdom Germany
Bug,5.0,2007.0,6.1,38000,,
Bullet to the Head,2.0,2013.0,5.7,52000,,
Bulletproof Monk,4.0,2003.0,5.5,52000,,
Bumblebee,12.0,2018.0,6.7,189000,,
Buried,9.0,2010.0,7.0,169000,,
Burlesque,11.0,2010.0,6.4,93000,,
Burn After Reading,9.0,2008.0,7.0,354000,,
Burnt,10.0,2015.0,6.6,133000,,
CHIPS,3.0,2017.0,6.0,51000,,United States
CHiPS,3.0,2017.0,,,,
Ca$h,3.0,2010.0,5.9,10000,,
Cabin Fever,9.0,2003.0,5.6,84000,,
Cabrini,3.0,2024.0,,,,
Caché,12.0,2005.0,,,,
Cadillac Records,12.0,2008.0,7.0,23000,,
Cafarnaúm,10.0,2018.0,,,,
Café Society,5.0,2016.0,,,,
Calendar Girls,12.0,2003.0,6.9,28000,,
Call Me by Your Name,11.0,2017.0,7.8,317000,,
Can You Ever Forgive Me?,10.0,2018.0,7.1,56000,,
Capitalism: A Love Story,9.0,2009.0,7.4,44000,,
Capote,9.0,2005.0,7.3,141000,,
Captain America: Civil War,5.0,2016.0,7.8,851000,,
Captain America: The First Avenger,7.0,2011.0,6.9,898000,,
Captain America: The Winter Soldier,4.0,2014.0,7.7,900000,,
Captain Corelli's Mandolin,8.0,2001.0,5.9,36000,,
Captain Fantastic,7.0,2016.0,7.8,235000,,
Captain Marvel,3.0,2019.0,6.8,612000,,
Captain Phillips,10.0,2013.0,7.8,493000,,
Captain Underpants: The First Epic Movie,6.0,2017.0,6.2,32000,,
Captive State,3.0,2019.0,6.0,58000,,
Carnage,12.0,2011.0,7.1,133000,,
Carol,11.0,2015.0,7.3,143000,,
Carrie,10.0,2013.0,5.8,148000,,
Cars,6.0,2006.0,7.2,471000,,
Cars 2,6.0,2011.0,6.2,219000,,
Cars 3,6.0,2017.0,6.7,123000,,
Casa de mi Padre,3.0,2012.0,5.5,22000,,
Case 39,10.0,2010.0,6.2,93000,,
Casino Jack,12.0,2010.0,6.2,18000,,Canada
Casino Royale,11.0,2006.0,8.0,695000,,
Cast Away,12.0,2000.0,7.8,640000,,
Catch Me If You Can,12.0,2002.0,8.1,11000000,,United States Canada
Catch Me if You Can,12.0,2002.0,,,,
Catch That Kid,2.0,2004.0,5.2,11000,,
Catch a Fire,10.0,2006.0,6.7,11000,,France United Kingdom South Africa United States
Catch and Release,1.0,2007.0,5.9,29000,,
Cats,12.0,2019.0,,,,
Cats & Dogs,7.0,2001.0,5.2,63000,,
Cats & Dogs: The Revenge of Kitty Galore,7.0,2010.0,4.4,16000,,
Catwoman,7.0,2004.0,3.4,126000,,
Cedar Rapids,2.0,2011.0,6.3,40000,,
Cellular,9.0,2004.0,6.5,105000,,
Center Stage,5.0,2000.0,,,,
Central Intelligence,6.0,2016.0,6.3,214000,,
Centurion,8.0,2010.0,6.3,86000,,
Chain Letter,10.0,2010.0,4.1,57000,,United States
Changeling,10.0,2008.0,7.8,265000,,
Changing Lanes,4.0,2002.0,6.5,75000,,
Chappie,3.0,2015.0,6.8,270000,,
Charlie Bartlett,2.0,2008.0,6.9,67000,,
Charlie St. Cloud,7.0,2010.0,6.4,65000,,
Charlie Wilson's War,12.0,2007.0,7.0,125000,,United States Germany
Charlie Wilson’s War,12.0,2007.0,,,,
Charlie and the Chocolate Factory,7.0,2005.0,6.7,530000,,
Charlie's Angels,11.0,2000.0,5.6,196000,,
Charlie's Angels: Full Throttle,6.0,2003.0,4.9,133000,,
Charlie’s Angels,11.0,2019.0,,,,
Charlotte's Web,12.0,2006.0,6.3,47000,,
Chasing Liberty,1.0,2004.0,6.1,41000,,
Chasing Mavericks,10.0,2012.0,7.1,35000,,
Chasing Papi,4.0,2003.0,4.8,44000,,United States
"Che, Part 1: The Argentine",6.0,2019.0,,,,
Cheaper by the Dozen,12.0,2003.0,5.9,109000,,
Cheaper by the Dozen 2,12.0,2005.0,5.5,63000,,
Chernobyl Diaries,5.0,2012.0,5.0,69000,,
Chicago,12.0,2002.0,7.2,244000,,
Chicken Little,11.0,2005.0,5.7,101000,,
Chicken Run,6.0,2000.0,,,,
Child 44,4.0,2015.0,6.4,76000,,
Child's Play,6.0,2019.0,5.7,56000,,Canada United States
Children of Men,12.0,2006.0,7.9,530000,,
Chloe,3.0,2010.0,6.3,78000,,
Chocolat,12.0,2000.0,7.2,202000,,
Christmas with the Kranks,11.0,2004.0,5.5,58000,,
Christopher Robin,8.0,2018.0,7.2,85000,,
Chronicle,2.0,2012.0,7.0,265000,,
Church Ball,3.0,2006.0,4.2,519,,United States
Churchill,6.0,2017.0,6.0,16000,,
Ch�ri,6.0,2009.0,6.1,12000,,United Kingdom France Germany
Cinderella,3.0,2015.0,6.9,191000,,
Cinderella Man,6.0,2005.0,8.0,199000,,
Circumstance,8.0,2011.0,5.9,8000,,France United States Hong Kong
Cirque du Freak: The Vampire's Assistant,10.0,2009.0,5.8,48000,,
Cirque du Soleil: Worlds Away,12.0,2012.0,6.7,82000,,
City Island,3.0,2010.0,7.3,33000,,
City by the Sea,9.0,2002.0,6.1,27000,,
City of Ember,10.0,2008.0,6.4,70000,,
City of Life and Death,5.0,2011.0,7.7,12000,,China Hong Kong
Civil War,4.0,2024.0,,,,
Clash of the Titans,4.0,2010.0,5.8,293000,,
Clerks II,7.0,2006.0,7.3,141000,,
Click,6.0,2006.0,6.4,357000,,
Clockstoppers,3.0,2002.0,5.2,15000,,United States
Close Your Eyes,4.0,2004.0,6.1,32000,,United Kingdom
Closer,12.0,2004.0,7.2,236000,,
Cloud Atlas,10.0,2012.0,7.4,375000,,
Cloudy with a Chance of Meatballs,9.0,2009.0,6.9,258000,,
Cloudy with a Chance of Meatballs 2,9.0,2013.0,6.3,115000,,
Cloverfield,1.0,2008.0,7.0,421000,,
Club Dread,2.0,2004.0,5.7,32000,,
Coach Carter,1.0,2005.0,7.3,172000,,
Coco,11.0,2017.0,8.4,592000,,
Coco Before Chanel,9.0,2009.0,6.7,42000,,France Belgium
Coco avant Chanel,9.0,2009.0,,,,
Code Name: The Cleaner,1.0,2007.0,4.6,12000,,United States
Cold Mountain,12.0,2003.0,7.2,156000,,
Cold Pursuit,2.0,2019.0,6.2,78000,,
Collateral,8.0,2004.0,7.5,434000,,
Collateral Beauty,12.0,2016.0,6.8,105000,,
Collateral Damage,2.0,2002.0,5.5,78000,,
College,8.0,2008.0,4.6,13000,,
Collide,2.0,2017.0,5.7,17000,,
Colombiana,8.0,2011.0,6.4,108000,,
Comic-Con Episode IV: A Fan's Hope,4.0,2012.0,7.0,29000,,United States
Compadres,4.0,2016.0,4.8,11000,,
Company Man,3.0,2001.0,5.2,22000,,United Kingdom France United States
Conan the Barbarian,8.0,2011.0,5.1,103000,,
Concussion,10.0,2013.0,5.6,58000,,
Confessions of a Dangerous Mind,12.0,2002.0,7.0,92000,,
Confessions of a Teenage Drama Queen,2.0,2004.0,4.7,31000,,
Confidence,4.0,2003.0,6.6,35000,,
Connie and Carla,4.0,2004.0,6.2,87000,,
Constantine,2.0,2005.0,7.0,375000,,
Contagion,9.0,2011.0,6.8,316000,,
Contraband,1.0,2012.0,6.4,126000,,
Control,4.0,2005.0,7.6,27000,,
Conversations with Other Women,8.0,2006.0,6.9,13000,,United Kingdom United States
Conviction,10.0,2010.0,7.2,46000,,
Cop Out,2.0,2010.0,5.5,90000,,
Copying Beethoven,11.0,2006.0,6.7,14000,,Germany United Kingdom Hungary
Coraline,2.0,2009.0,7.7,264000,,
Corky Romano,10.0,2001.0,4.7,14000,,
Corpse Bride,9.0,2005.0,7.4,299000,,
Countdown,10.0,2019.0,5.4,46000,,
Country Strong,12.0,2010.0,6.3,19000,,
Couples Retreat,10.0,2009.0,5.5,115000,,
Courageous,9.0,2011.0,6.9,22000,,
Cowboys & Aliens,7.0,2011.0,6.0,233000,,United States India
Cowboys and Aliens,7.0,2011.0,,,,
Coyote Ugly,12.0,2000.0,,,,
Cradle 2 the Grave,2.0,2003.0,5.8,47000,,
Crank,9.0,2006.0,6.9,264000,,
Crank 2: High Voltage,4.0,2009.0,,,,
Crash,5.0,2005.0,7.7,449000,,
Crawl,7.0,2019.0,6.1,94000,,
Crazy Heart,12.0,2009.0,7.2,95000,,
Crazy Rich Asians,8.0,2018.0,6.9,190000,,
Crazy Stupid Love.,7.0,2011.0,7.4,565000,,United States
Crazy as Hell,9.0,2002.0,5.8,11000,,United States
"Crazy, Stupid, Love",8.0,2011.0,,,,
Crazy/Beautiful,6.0,2001.0,6.4,26000,,United States
Creed,11.0,2015.0,7.6,311000,,
Creed II,11.0,2018.0,7.1,156000,,
Creed III,3.0,2023.0,6.7,93000,,
Criminal,4.0,2016.0,6.3,71000,,
Crimson Peak,10.0,2015.0,6.5,158000,,
Crocodile Dundee in Los Angeles,4.0,2001.0,4.8,26000,,
Crossover,9.0,2006.0,2.2,95000,,United States
Crossroads,2.0,2002.0,3.8,44000,,
Crouching Tiger Hidden Dragon,2.0,2023.0,7.9,282000,,Taiwan Hong Kong United States China
"Crouching Tiger, Hidden Dragon",1.0,2001.0,,,,
Cruel Intentions,3.0,2019.0,6.8,205000,,United States
Crush,4.0,2002.0,5.7,4000,,United Kingdom Germany
Cry Wolf,9.0,2005.0,5.8,29000,,
Curious George,2.0,2006.0,6.5,18000,,
Cursed,2.0,2005.0,5.0,35000,,
Cyrus,6.0,2010.0,6.3,37000,,
DOA: Dead or Alive,6.0,2007.0,4.8,46000,,United Kingdom Germany Japan Canada United States Australia
Daddy Day Camp,8.0,2007.0,3.2,18000,,
Daddy Day Care,5.0,2003.0,5.6,74000,,
Daddy's Home 2,11.0,2017.0,6.0,82000,,United States
Daddy’s Home,12.0,2015.0,,,,
Daddy’s Home 2,11.0,2017.0,,,,
Dahmer,6.0,2002.0,5.6,12000,,United States
Dallas Buyers Club,11.0,2013.0,7.9,520000,,
Dance Flick,5.0,2009.0,3.6,13000,,
Dancer in the Dark,9.0,2000.0,,,,
Danny Collins,3.0,2015.0,7.0,33000,,
Danny the Dog,5.0,2005.0,,,,
Daredevil,2.0,2003.0,5.3,229000,,
Dark Blue,2.0,2003.0,6.6,24000,,United States United Kingdom Germany
Dark Phoenix,6.0,2019.0,,,,
Dark Places,8.0,2015.0,6.2,48000,,
Dark Shadows,5.0,2012.0,6.2,281000,,
Dark Skies,2.0,2013.0,6.3,80000,,
Dark Water,7.0,2005.0,5.6,65000,,
Darkest Hour,11.0,2017.0,7.4,221000,,
Darkness,12.0,2004.0,5.4,20000,,
Darkness Falls,1.0,2003.0,5.0,33000,,
Das Leben der Anderen,2.0,2007.0,,,,
Das Weisse Band: Eine deutsche Kindergeschichte,12.0,2009.0,,,,
Date Movie,2.0,2006.0,2.8,62000,,
Date Night,4.0,2010.0,6.3,172000,,
Dave Chappelle's Block Party,3.0,2006.0,7.2,96000,,
Dawn of the Dead,3.0,2004.0,7.3,273000,,
Dawn of the Planet of the Apes,7.0,2014.0,7.6,472000,,
Daybreakers,1.0,2010.0,6.4,135000,,
De rouille et d’os,11.0,2022.0,,,,
De-Lovely,7.0,2004.0,6.6,12000,,United Kingdom United States
Dead Man Down,3.0,2013.0,6.4,70000,,
Dead Silence,3.0,2007.0,6.1,102000,,
Deadpool,2.0,2016.0,8.0,11000000,,
Deadpool 2,5.0,2018.0,7.6,647000,,
Dear John,2.0,2010.0,6.3,158000,,
Dear White People,10.0,2014.0,6.2,27000,,
Death Race,8.0,2008.0,6.4,219000,,
Death Sentence,8.0,2007.0,6.7,75000,,
Death Wish,3.0,2018.0,6.3,77000,,
Death at a Funeral,4.0,2010.0,5.7,54000,,
Death of a Nation,8.0,2018.0,4.1,72000,,
Death of a President,10.0,2006.0,6.3,7000,,United Kingdom
Death to Smoochy,3.0,2002.0,6.3,43000,,United Kingdom Germany United States Canada
Deception,4.0,2008.0,6.0,41000,,
Deck the Halls,11.0,2006.0,5.0,33000,,
Deepwater Horizon,9.0,2016.0,7.1,183000,,
Defendor,2.0,2010.0,6.7,38000,,Canada United States United Kingdom
Defiance,12.0,2008.0,7.1,156000,,
"Definitely, Maybe",2.0,2008.0,,,,
Deja Vu,11.0,2006.0,7.1,328000,,United States United Kingdom
Deliver Us from Evil,10.0,2006.0,7.9,11000,,
Delivery Man,11.0,2013.0,6.3,83000,,
Den of Thieves,1.0,2018.0,7.0,124000,,
Denial,9.0,2016.0,6.8,24000,,
Der Baader Meinhof Komplex,9.0,2008.0,,,,
Der Untergang,4.0,2005.0,,,,
Derailed,11.0,2005.0,6.6,76000,,
Des Hommes et Des Dieux,2.0,2011.0,,,,
Despicable Me,7.0,2010.0,7.6,585000,,
Despicable Me 2,7.0,2013.0,7.3,427000,,
Despicable Me 3,6.0,2017.0,6.2,155000,,
Destroyer,12.0,2018.0,6.2,32000,,
Detroit,7.0,2017.0,7.3,56000,,
Deuce Bigalow: European Gigolo,8.0,2005.0,4.7,53000,,
Deuces Wild,5.0,2002.0,5.6,78000,,Germany United States
Devil,9.0,2010.0,6.3,157000,,
Devil's Due,1.0,2014.0,4.2,18000,,
Dheepan,5.0,2016.0,7.2,17000,,
Diary of a Mad Black Woman,2.0,2005.0,5.7,16000,,
movie_name,month,year,ratings,user_vote,genres,country
Diary of a Wimpy Kid,3.0,2010.0,6.2,58000,,
Diary of a Wimpy Kid: Dog Days,8.0,2012.0,6.3,30000,,
Diary of a Wimpy Kid: Rodrick Rules,3.0,2011.0,6.6,37000,,
Diary of a Wimpy Kid: The Long Haul,5.0,2017.0,4.3,11000,,
Diary of the Dead,2.0,2008.0,5.5,49000,,
Dickie Roberts: Former Child Star,9.0,2003.0,5.6,16000,,
Did You Hear About the Morgans?,12.0,2009.0,4.9,43000,,
Die Another Day,11.0,2002.0,6.1,229000,,
Die Fälscher,2.0,2008.0,,,,
Digimon: The Movie,10.0,2000.0,,,,
Dinner for Schmucks,7.0,2010.0,5.9,111000,,
Dinosaur,5.0,2000.0,,,,
Dirty,1.0,2006.0,5.5,59000,,United States
Dirty Dancing: Havana Nights,2.0,2004.0,5.9,30000,,United States
Dirty Grandpa,1.0,2016.0,5.9,133000,,
Dirty Pretty Things,7.0,2003.0,7.3,44000,,United Kingdom
Disaster Movie,8.0,2008.0,1.9,95000,,
Disney Planes,8.0,2013.0,,,,
Disney’s A Christmas Carol,11.0,2009.0,,,,
District 9,8.0,2009.0,7.9,718000,,
Disturbia,4.0,2007.0,6.8,249000,,
Divergent,3.0,2014.0,6.6,490000,,
Divine Secrets of the Ya-Ya Sisterhood,6.0,2002.0,6.1,21000,,United States
Django Unchained,12.0,2012.0,8.5,17000000,,
Do You Believe?,3.0,2015.0,6.0,82000,,
Doctor Sleep,10.0,2019.0,,,,
Doctor Strange,11.0,2016.0,7.5,806000,,
Dodgeball: A True Underdog Story,6.0,2004.0,6.7,268000,,
Dog Days,8.0,2018.0,6.2,55000,,
Dogville,3.0,2004.0,8.0,159000,,
Dolor y gloria,3.0,2019.0,,,,
Dolphin Tale,9.0,2011.0,6.8,26000,,
Dolphin Tale 2,9.0,2014.0,6.4,98000,,
Domestic Disturbance,11.0,2001.0,5.6,29000,,
Domino,10.0,2005.0,5.9,69000,,United States United Kingdom France
Don Jon,9.0,2013.0,6.5,247000,,
Don't Be Afraid of the Dark,8.0,2011.0,5.5,51000,,
Don't Breathe,8.0,2016.0,7.1,301000,,United States Hungary
Don't Let Go,8.0,2019.0,6.4,13000,,United States
Don't Say a Word,9.0,2001.0,6.3,57000,,United States Australia Switzerland Canada
Donnie Darko,6.0,2004.0,8.0,851000,,
Don’t Breathe,8.0,2016.0,,,,
Don’t Let Go,9.0,2019.0,,,,
Don’t Say a Word,9.0,2001.0,,,,
Doogal,2.0,2006.0,2.8,54000,,
Doom,10.0,2005.0,5.2,119000,,
Doomsday,3.0,2008.0,5.9,80000,,
Dope,6.0,2015.0,7.2,89000,,
Dora and the Lost City of Gold,8.0,2019.0,6.1,35000,,
Double Take,1.0,2001.0,5.4,88000,,
Doubt,12.0,2008.0,7.5,136000,,
Down Terrace,10.0,2010.0,6.4,42000,,United Kingdom
Down to Earth,2.0,2001.0,5.4,25000,,
Downsizing,12.0,2017.0,5.8,125000,,
Downton Abbey,9.0,2019.0,7.4,63000,,
Dr. Dolittle 2,6.0,2001.0,4.7,47000,,
Dr. Seuss’ The Cat in the Hat,4.0,2004.0,,,,
Dr. Seuss’ The Grinch,11.0,2018.0,,,,
Dr. Seuss’ The Lorax,3.0,2012.0,,,,
Dracula 2000,12.0,2000.0,4.9,37000,,
Dracula Untold,10.0,2014.0,6.2,208000,,
Draft Day,4.0,2014.0,6.8,67000,,
Drag Me To Hell,7.0,2009.0,,,,
Drag Me to Hell,5.0,2009.0,6.6,218000,,United States
Dragon Ball Super: Broly,1.0,2019.0,7.7,32000,,
Dragon Wars: D-War,9.0,2007.0,3.5,25000,,
Dragonball Evolution,4.0,2009.0,2.5,79000,,
Dragonfly,2.0,2002.0,6.1,40000,,
Dream House,9.0,2011.0,6.0,69000,,
Dreamcatcher,3.0,2003.0,5.5,97000,,
Dreamer,10.0,2005.0,6.8,14000,,United States
Dreamer: Inspired by a True Story,10.0,2005.0,,,,
Dreamgirls,12.0,2006.0,6.6,77000,,
Dredd,9.0,2012.0,7.1,295000,,
Drillbit Taylor,3.0,2008.0,5.7,62000,,
Drive,9.0,2011.0,7.8,706000,,
Drive Angry,2.0,2011.0,5.4,103000,,
Driven,4.0,2001.0,4.6,43000,,
Drowning Mona,3.0,2000.0,,,,
Drumline,12.0,2002.0,5.9,36000,,
Dude Where's My Car?,12.0,2000.0,5.5,146000,,United States
"Dude, Where's My Car?",12.0,2000.0,,,,
Due Date,11.0,2010.0,6.5,358000,,
Duets,9.0,2000.0,,,,
Dum Maaro Dum,4.0,2011.0,6.2,42000,,
Dumb Money,9.0,2023.0,6.9,42000,,
Dumb and Dumber To,11.0,2014.0,5.6,145000,,
Dumb and Dumberer: When Harry Met Lloyd,6.0,2003.0,3.4,42000,,
Dumbo,3.0,2019.0,6.3,83000,,
Dune: Part Two,2.0,2024.0,,,,
Dungeons & Dragons,12.0,2000.0,3.6,36000,,United States Czech Republic Canada
Dungeons & Dragons: Honor Among Thieves,3.0,2023.0,7.2,226000,,
Dungeons and Dragons,12.0,2000.0,,,,
Dunkirk,12.0,2017.0,7.8,741000,,
Duplex,9.0,2003.0,5.9,62000,,
Duplicity,3.0,2009.0,6.1,52000,,
Dylan Dog: Dead of Night,4.0,2011.0,5.1,16000,,
Déjà Vu,11.0,2006.0,,,,
E.T. the Extra-Terrestrial,3.0,2002.0,7.9,438000,,United States
Eagle Eye,9.0,2008.0,6.6,195000,,
Early Man,2.0,2018.0,6.1,24000,,
Earth,4.0,2009.0,7.9,15000,,
Earth to Echo,7.0,2014.0,5.7,20000,,
East is East,4.0,2000.0,,,,
Eastern Promises,9.0,2007.0,7.6,261000,,
Easy A,9.0,2010.0,7.0,419000,,
Easy Virtue,5.0,2009.0,6.6,22000,,
Eat Pray Love,8.0,2010.0,5.8,106000,,
Eddie the Eagle,2.0,2016.0,7.3,100000,,
Edge of Darkness,1.0,2010.0,6.6,99000,,
Edge of Tomorrow,6.0,2014.0,7.9,738000,,
Eight Below,2.0,2006.0,7.3,68000,,
Eight Legged Freaks,7.0,2002.0,5.5,60000,,
Eighth Grade,7.0,2018.0,7.4,83000,,
El Clan,8.0,2015.0,,,,
El Laberinto del Fauno,11.0,2006.0,,,,
El orfanato,2.0,2008.0,,,,
El secreto de sus ojos,4.0,2010.0,,,,
Elektra,1.0,2005.0,4.7,98000,,
Elemental,6.0,2023.0,7.0,127000,,
Elephant,10.0,2003.0,7.1,97000,,
Elf,11.0,2003.0,7.1,311000,,
Elizabeth: The Golden Age,10.0,2007.0,6.8,75000,,
Elizabethtown,10.0,2005.0,6.3,73000,,
Ella Enchanted,4.0,2004.0,6.3,75000,,
Elle,11.0,2016.0,7.1,71000,,
Elle s'appelait Sarah,7.0,2011.0,,,,
Elysium,8.0,2013.0,6.6,471000,,
Empire,12.0,2002.0,5.9,79000,,
Employee of the Month,10.0,2006.0,5.6,50000,,
Enchanted,11.0,2007.0,7.1,218000,,
End of Watch,9.0,2012.0,7.6,269000,,
End of the Spear,1.0,2006.0,6.8,55000,,United States
Ender's Game,11.0,2013.0,6.6,254000,,United States
Ender’s Game,10.0,2013.0,,,,
Endless Love,2.0,2014.0,6.2,48000,,
Enemy at the Gates,3.0,2001.0,7.5,278000,,
Enough,5.0,2002.0,5.8,48000,,United States
Enough Said,9.0,2013.0,7.0,66000,,
Entourage,6.0,2015.0,6.5,83000,,
Envy,4.0,2004.0,4.8,32000,,
Epic,5.0,2013.0,6.6,110000,,
Epic Movie,1.0,2007.0,2.4,110000,,
Equilibrium,3.0,2003.0,,,,
Eragon,12.0,2006.0,5.1,131000,,
Erin Brockovich,3.0,2000.0,,,,
Escape From Planet Earth,2.0,2013.0,,,,
Escape Plan,10.0,2013.0,6.7,258000,,
Escape Room,1.0,2019.0,6.4,142000,,
Escape from Planet Earth,2.0,2013.0,5.8,27000,,United States Canada Netherlands Japan United Kingdom
Eternal Sunshine of the Spotless Mind,3.0,2004.0,8.3,11000000,,
EuroTrip,2.0,2004.0,6.6,223000,,United States
Eurotrip,8.0,2004.0,,,,
Evan Almighty,6.0,2007.0,5.4,155000,,
Evening,6.0,2007.0,6.4,14000,,
Everest,9.0,2015.0,7.1,233000,,
Every Day,1.0,2011.0,5.7,36000,,
Everybody Wants Some,4.0,2016.0,,,,
Everybody Wants to Be Italian,9.0,2008.0,5.7,2000,,United States
Everybody's Fine,12.0,2009.0,,,,
Everything Everything,5.0,2017.0,6.3,43000,,United States
Everything Must Go,5.0,2011.0,6.4,53000,,United States
"Everything, Everything",5.0,2017.0,,,,
Evil Dead,4.0,2013.0,6.5,198000,,
Evolution,6.0,2001.0,6.1,136000,,
Ex Machina,4.0,2015.0,7.7,591000,,
Exit Wounds,3.0,2001.0,5.6,37000,,
Exodus: Gods and Kings,12.0,2014.0,6.0,179000,,
Exorcist: The Beginning,8.0,2004.0,5.1,40000,,
Expend4bles,9.0,2023.0,,,,
Extract,9.0,2009.0,6.1,50000,,
Extraordinary Measures,1.0,2010.0,6.4,18000,,
Extreme Ops,11.0,2002.0,4.4,57000,,
Extremely Loud and Incredibly Close,2.0,2012.0,,,,
Eye in the Sky,3.0,2016.0,7.3,92000,,
Eye of the Beholder,1.0,2000.0,,,,
Facing the Giants,9.0,2006.0,6.5,18000,,
Fahrenheit 11/9,9.0,2018.0,7.2,20000,,
Fahrenheit 9/11,6.0,2004.0,7.5,132000,,
Failure to Launch,3.0,2006.0,5.6,86000,,
Fair Game,11.0,2010.0,6.8,51000,,United States United Arab Emirates
Fame,9.0,2009.0,5.0,17000,,
Fantastic Beasts and Where to Find Them,11.0,2016.0,7.2,508000,,
Fantastic Beasts: The Crimes of Grindelwald,11.0,2018.0,6.5,309000,,
Fantastic Four,8.0,2015.0,4.3,177000,,
Fantastic Four: Rise of the Silver Surfer,6.0,2007.0,5.6,278000,,
Fantastic Mr. Fox,11.0,2009.0,7.9,271000,,
Far From Heaven,3.0,2003.0,,,,
Far from Heaven,11.0,2002.0,7.3,49000,,United States France
Far from the Madding Crowd,5.0,2015.0,7.1,54000,,
Fascination,1.0,2005.0,3.8,16000,,Germany United Kingdom
Fast & Furious,4.0,2009.0,6.5,312000,,
Fast & Furious 6,5.0,2013.0,7.0,417000,,United States Japan Spain
Fast & Furious Presents: Hobbs & Shaw,8.0,2019.0,6.5,236000,,
Fast Five,4.0,2011.0,7.3,408000,,
Fast X,5.0,2023.0,5.8,120000,,
Fast and Furious 6,5.0,2013.0,,,,
Faster,11.0,2010.0,6.4,112000,,
Fat Albert,12.0,2004.0,4.4,13000,,
Fat Kid Rules the World,10.0,2012.0,6.4,34000,,United States
Father Figures,12.0,2017.0,5.5,21000,,
FearDotCom,6.0,2003.0,,,,
Feardotcom,8.0,2002.0,3.4,23000,,United Kingdom Germany Luxembourg United States Canada
Fences,12.0,2016.0,7.2,118000,,
Ferdinand,12.0,2017.0,6.7,64000,,
Ferrari,12.0,2023.0,,,,
Fever Pitch,4.0,2005.0,6.2,48000,,
Fifty Shades Darker,2.0,2017.0,4.6,112000,,
Fifty Shades Freed,2.0,2018.0,4.5,74000,,
Fifty Shades of Black,1.0,2016.0,3.5,23000,,
Fifty Shades of Grey,2.0,2015.0,4.2,336000,,
Fighting,4.0,2009.0,5.6,34000,,
Fighting With My Family,2.0,2019.0,,,,
Fighting with My Family,2.0,2019.0,7.1,88000,,United Kingdom United States
Filly Brown,4.0,2013.0,5.6,12000,,United States
Final Destination,3.0,2000.0,,,,
Final Destination 2,1.0,2003.0,6.2,182000,,
Final Destination 3,2.0,2006.0,5.8,154000,,
Final Destination 5,8.0,2011.0,5.9,125000,,
Final Fantasy: The Spirits Within,7.0,2001.0,6.4,84000,,
Find Me Guilty,3.0,2006.0,7.0,36000,,Germany United States
Finding Dory,6.0,2016.0,7.2,304000,,
Finding Forrester,12.0,2000.0,7.3,90000,,
Finding Nemo,9.0,2012.0,8.2,11000000,,
Finding Neverland,11.0,2004.0,7.7,212000,,
Finding Your Feet,3.0,2018.0,6.8,72000,,
Fired Up,2.0,2009.0,,,,
Fired Up!,2.0,2009.0,6.1,46000,,United States
Fireflies in the Garden,10.0,2011.0,6.4,14000,,United States
Fireproof,9.0,2008.0,6.4,24000,,
Firewall,2.0,2006.0,5.8,60000,,
First Daughter,9.0,2004.0,5.1,27000,,United States
First Man,10.0,2018.0,7.3,202000,,
Fist Fight,2.0,2017.0,5.6,46000,,
Five Feet Apart,3.0,2019.0,7.2,83000,,
Flags of Our Fathers,10.0,2006.0,7.1,129000,,
Flatliners,9.0,2017.0,5.2,51000,,
Flicka,10.0,2006.0,6.0,85000,,
Flight,11.0,2012.0,7.3,376000,,
Flight of the Phoenix,12.0,2004.0,6.1,57000,,
Flightplan,9.0,2005.0,6.3,172000,,
Flipped,8.0,2010.0,7.7,98000,,United States
Florence Foster Jenkins,8.0,2016.0,6.8,60000,,
Flushed Away,11.0,2006.0,6.6,139000,,
Fly Me To the Moon,12.0,2008.0,,,,
Fly Me to the Moon 3D,8.0,2008.0,4.5,48000,,Belgium United States
Flyboys,9.0,2006.0,6.5,45000,,
Focus,10.0,2001.0,6.7,31000,,
Fool's Gold,2.0,2008.0,5.7,85000,,United States
Fool’s Gold,2.0,2008.0,,,,
Footloose,10.0,2011.0,5.8,53000,,
For Colored Girls,11.0,2010.0,6.2,82000,,
For Greater Glory: The True Story of Cristiada,4.0,2012.0,,,,
For Your Consideration,11.0,2006.0,6.3,16000,,United States
Ford v. Ferrari,11.0,2019.0,,,,
Forever My Girl,1.0,2018.0,6.6,21000,,
Forgetting Sarah Marshall,4.0,2008.0,7.1,303000,,
Formula 51,10.0,2002.0,6.3,51000,,
Forrest Gump,6.0,2019.0,8.8,23000000,,United States
Forty Shades of Blue,9.0,2005.0,6.1,16000,,United States
Four Brothers,8.0,2005.0,6.8,157000,,
Four Christmases,11.0,2008.0,5.7,81000,,
Four Lions,11.0,2010.0,7.3,85000,,
Foxcatcher,11.0,2014.0,7.0,149000,,
Frailty,4.0,2002.0,7.2,92000,,United States Germany
Frances Ha,5.0,2013.0,7.4,94000,,
Frankenweenie,10.0,2012.0,6.9,117000,,
Freakonomics,10.0,2010.0,6.3,77000,,United States
Freaky Friday,8.0,2003.0,6.3,153000,,
Freddy Got Fingered,4.0,2001.0,4.7,51000,,United States
Freddy vs. Jason,8.0,2003.0,5.7,127000,,
Free Birds,11.0,2013.0,5.8,26000,,
Free State of Jones,6.0,2016.0,6.9,63000,,
Freedom Writers,1.0,2007.0,7.6,85000,,
Frequency,4.0,2000.0,,,,
Frida,10.0,2002.0,7.3,95000,,
Friday After Next,11.0,2002.0,5.8,30000,,
Friday Night Lights,10.0,2004.0,7.2,67000,,
Friday the 13th,2.0,2009.0,5.5,117000,,
Friend Request,9.0,2017.0,5.2,28000,,
Friends with Benefits,7.0,2011.0,6.5,395000,,
Friends with Money,4.0,2006.0,5.8,32000,,
Fright Night,8.0,2011.0,6.4,113000,,
From Hell,10.0,2001.0,6.7,164000,,
From Justin to Kelly,6.0,2003.0,1.9,27000,,United States
From Paris With Love,11.0,2012.0,,,,
From Paris with Love,2.0,2010.0,6.4,122000,,France United Kingdom United States
Frost/Nixon,12.0,2008.0,7.7,113000,,
Frozen,2.0,2010.0,6.2,81000,,
Frozen II,11.0,2019.0,,,,
Frozen River,8.0,2008.0,7.1,26000,,
Fruitvale Station,7.0,2013.0,7.5,86000,,
Full Frontal,8.0,2002.0,4.7,11000,,United States
Fun Size,10.0,2012.0,5.4,15000,,
Fun with Dick & Jane,12.0,2005.0,,,,
Fun with Dick and Jane,12.0,2005.0,6.2,154000,,United States
Funny Games,3.0,2008.0,6.5,104000,,
Funny People,7.0,2009.0,6.3,124000,,
Furious 7,4.0,2015.0,7.1,415000,,
Furry Vengeance,4.0,2010.0,3.9,18000,,
Fury,10.0,2014.0,7.6,548000,,
G-Force,7.0,2009.0,5.1,50000,,
G.I. Joe: Retaliation,3.0,2013.0,5.7,187000,,
G.I. Joe: The Rise of Cobra,8.0,2009.0,5.7,215000,,
Game Night,2.0,2018.0,6.9,256000,,
Gamer,9.0,2009.0,5.7,140000,,
Gangs of New York,12.0,2002.0,7.5,474000,,
Gangster Squad,1.0,2013.0,6.7,223000,,
Garden State,7.0,2004.0,7.4,223000,,
Garfield: A Tail of Two Kitties,6.0,2006.0,5.0,47000,,
Garfield: The Movie,6.0,2004.0,5.0,94000,,
Gemini Man,10.0,2019.0,5.7,122000,,
Genius,6.0,2016.0,6.5,21000,,
Gentlemen Broncos,10.0,2009.0,6.1,12000,,United States
George A. Romero's Land of the Dead,6.0,2005.0,,,,
Georgia Rule,5.0,2007.0,5.9,27000,,
Geostorm,10.0,2017.0,5.3,119000,,
Get Carter,10.0,2000.0,,,,
Get Hard,3.0,2015.0,6.0,147000,,
Get Him to the Greek,6.0,2010.0,6.3,186000,,
Get Low,7.0,2010.0,7.0,24000,,
Get Out,2.0,2017.0,7.8,699000,,
Get Over It,3.0,2001.0,5.7,20000,,United States
Get Rich or Die Tryin',11.0,2005.0,5.5,50000,,
Get Smart,6.0,2008.0,6.5,229000,,
Get on Up,8.0,2014.0,6.9,26000,,
Getaway,8.0,2013.0,4.4,25000,,
Ghost Dog: The Way of the Samurai,8.0,2023.0,,,,
Ghost Rider,2.0,2007.0,5.3,253000,,
Ghost Rider: Spirit of Vengeance,2.0,2012.0,4.3,126000,,
Ghost Ship,10.0,2002.0,5.6,109000,,
Ghost Town,9.0,2008.0,6.7,78000,,
Ghost World,7.0,2001.0,7.3,127000,,United States United Kingdom Germany
Ghost in the Shell,3.0,2017.0,6.3,228000,,
Ghostbusters,8.0,2014.0,7.8,451000,,
Ghostbusters: Frozen Empire,3.0,2024.0,,,,
Ghosts of Mars,8.0,2001.0,4.9,58000,,United States
Gifted,4.0,2017.0,7.6,131000,,
Gigli,8.0,2003.0,2.6,51000,,
Ginger Snaps 2: Unleashed,1.0,2004.0,6.4,15000,,Canada
Girl with a Pearl Earring,12.0,2003.0,6.9,83000,,
Girls Trip,7.0,2017.0,6.2,41000,,
Gladiator,5.0,2000.0,8.5,16000000,,
Glass,1.0,2019.0,6.6,275000,,
Glee: The 3D Concert Movie,8.0,2011.0,5.5,6000,,
Glitter,9.0,2001.0,2.4,24000,,United States
Glory Road,1.0,2006.0,7.2,49000,,
Gnomeo and Juliet,2.0,2011.0,,,,
Goal! The Dream Begins,5.0,2006.0,6.7,66000,,
God's Not Dead,3.0,2014.0,4.6,45000,,United States
Gods and Generals,2.0,2003.0,6.2,17000,,United States
Gods of Egypt,2.0,2016.0,5.4,126000,,
Godsend,4.0,2004.0,4.8,26000,,
Godzilla,4.0,2014.0,7.5,40000,,
Godzilla 2000,8.0,2000.0,,,,
Godzilla Minus One,11.0,2023.0,,,,
Godzilla x Kong: The New Empire,3.0,2024.0,,,,
Godzilla: King of the Monsters,5.0,2019.0,6.0,208000,,
God’s Not Dead,8.0,2014.0,,,,
God’s Not Dead 2,4.0,2016.0,,,,
Going in Style,4.0,2017.0,6.6,92000,,
Going the Distance,9.0,2010.0,6.3,60000,,
Gone,2.0,2012.0,5.9,46000,,
Gone Baby Gone,10.0,2007.0,7.6,293000,,
Gone Girl,10.0,2014.0,8.1,11000000,,
Gone in 60 Seconds,6.0,2000.0,,,,
Good Boy,10.0,2003.0,5.1,47000,,United States
Good Boy!,10.0,2003.0,,,,
Good Boys,8.0,2019.0,6.7,82000,,
"Good Bye, Lenin!",7.0,2003.0,,,,
Good Luck Chuck,9.0,2007.0,5.6,95000,,
Good Night and Good Luck.,10.0,2005.0,7.4,101000,,United Kingdom France Japan United States
"Good Night, and Good Luck",10.0,2005.0,,,,
Goosebumps,10.0,2015.0,6.3,95000,,
Goosebumps 2: Haunted Halloween,10.0,2018.0,5.6,24000,,
Gosford Park,12.0,2001.0,7.2,94000,,
Gossip,4.0,2000.0,,,,
Gothika,11.0,2003.0,5.8,119000,,
Gotti,6.0,2018.0,4.8,17000,,
Gracie,6.0,2007.0,6.2,43000,,United States
Gran Torino,12.0,2008.0,8.1,816000,,
Grandma,8.0,2015.0,6.7,17000,,
Grandma’s Boy,1.0,2006.0,,,,
Gravity,10.0,2013.0,7.7,864000,,
Grease,4.0,2018.0,7.2,301000,,United States United Kingdom
Green Book,11.0,2018.0,8.2,574000,,
Green Lantern,6.0,2011.0,5.5,296000,,
Green Zone,3.0,2010.0,6.8,143000,,
Gridiron Gang,9.0,2006.0,7.1,81000,,
Grind,8.0,2003.0,5.9,13000,,
Grindhouse,4.0,2007.0,7.5,191000,,
Grown Ups,6.0,2010.0,6.0,277000,,
Grown Ups 2,7.0,2013.0,5.4,170000,,
Grudge Match,12.0,2013.0,6.4,63000,,
Guardians of the Galaxy,8.0,2014.0,8.0,13000000,,
Guardians of the Galaxy Vol 2,4.0,2017.0,,,,
Guardians of the Galaxy Vol 3,5.0,2023.0,,,,
Guardians of the Galaxy Vol. 2,5.0,2017.0,7.6,761000,,United States
Guess Who,3.0,2005.0,5.9,46000,,
Gulliver's Travels,12.0,2010.0,4.9,74000,,
Gwoemul,3.0,2007.0,,,,
Hacksaw Ridge,11.0,2016.0,8.1,596000,,
Haevnen,3.0,2012.0,,,,
Hail Caesar!,2.0,2016.0,6.3,143000,,United States United Kingdom Japan
"Hail, Caesar!",2.0,2016.0,,,,
Hairspray,7.0,2007.0,6.7,139000,,
Half Nelson,8.0,2006.0,7.1,92000,,
Half Past Dead,11.0,2002.0,4.6,17000,,
Hall Pass,2.0,2011.0,5.9,131000,,
Halloween,8.0,2007.0,6.0,131000,,
Halloween 2,8.0,2009.0,,,,
Halloween II,8.0,2009.0,4.8,60000,,United States
Halloween: Resurrection,7.0,2002.0,3.9,49000,,
Hamlet 2,8.0,2008.0,6.3,17000,,
Hancock,7.0,2008.0,6.4,512000,,
Hands of Stone,8.0,2016.0,6.6,18000,,
Hanging Up,2.0,2000.0,,,,
Hangman's Curse,9.0,2003.0,4.8,27000,,United States
Hanna,4.0,2011.0,6.7,207000,,
Hannah Montana and Miley Cyrus: Best of Both Worlds Concert Tour,2.0,2008.0,,,,
Hannah Montana: The Movie,4.0,2009.0,4.7,46000,,
Hannibal,2.0,2001.0,6.8,294000,,
Hannibal Rising,2.0,2007.0,6.1,116000,,
Hansel & Gretel: Witch Hunters,1.0,2013.0,6.1,217000,,
Happily N'Ever After,1.0,2007.0,4.5,11000,,
Happy Death Day,10.0,2017.0,6.6,163000,,
Happy Death Day 2U,2.0,2019.0,6.2,85000,,
Happy Feet,11.0,2006.0,6.4,200000,,
Happy Feet Two,11.0,2011.0,5.8,48000,,
Hard Candy,4.0,2006.0,7.0,168000,,United States
Hardball,9.0,2001.0,6.4,33000,,
Hardcore Henry,4.0,2016.0,6.7,102000,,
Harold & Kumar Escape from Guantanamo Bay,4.0,2008.0,6.5,142000,,
Harold & Kumar Go to White Castle,7.0,2004.0,7.0,206000,,
Harriet,11.0,2019.0,,,,
Harry Brown,4.0,2010.0,7.2,91000,,
Harry Potter and the Chamber of Secrets,11.0,2002.0,7.4,693000,,
Harry Potter and the Deathly Hallows: Part I,11.0,2010.0,,,,
Harry Potter and the Deathly Hallows: Part II,7.0,2011.0,,,,
Harry Potter and the Goblet of Fire,11.0,2005.0,7.7,682000,,
Harry Potter and the Half-Blood Prince,7.0,2009.0,7.6,596000,,
Harry Potter and the Order of the Phoenix,7.0,2007.0,7.5,634000,,
Harry Potter and the Prisoner of Azkaban,6.0,2004.0,7.9,693000,,
Harry Potter and the Sorcerer's Stone,11.0,2001.0,7.6,857000,,United Kingdom United States
Harry Potter and the Sorcerer’s Stone,11.0,2001.0,,,,
Harsh Times,11.0,2006.0,,,,
Hart's War,2.0,2002.0,6.3,55000,,
Haunted Mansion,7.0,2023.0,6.0,43000,,
Hauru no ugoku shiro,12.0,2019.0,,,,
Haywire,1.0,2012.0,5.8,90000,,
He's Just Not That Into You,2.0,2009.0,6.4,182000,,
Head Over Heels,2.0,2001.0,5.4,15000,,United States
Head of State,3.0,2003.0,5.5,21000,,United States
Heartbreakers,3.0,2001.0,6.2,58000,,
Hearts in Atlantis,9.0,2001.0,6.9,41000,,United States
Heaven Is for Real,4.0,2014.0,5.8,29000,,United States
Heaven is for Real,4.0,2014.0,,,,
Heist,11.0,2001.0,,,,
Hell Fest,9.0,2018.0,5.5,19000,,
Hell or High Water,8.0,2016.0,7.6,253000,,
Hellboy,4.0,2004.0,6.8,351000,,
Hellboy II: The Golden Army,7.0,2008.0,7.0,286000,,
"Hello, My Name is Doris",5.0,2016.0,,,,
Her,12.0,2013.0,8.0,671000,,
Herbie: Fully Loaded,6.0,2005.0,,,,
Hercules,7.0,2014.0,6.0,164000,,
Here Comes the Boom,10.0,2012.0,6.4,96000,,
Here on Earth,3.0,2000.0,,,,
Hereafter,10.0,2010.0,6.5,96000,,
Hereditary,6.0,2018.0,7.3,379000,,
Hesher,5.0,2011.0,6.9,54000,,United States
Hey Arnold! The Movie,6.0,2002.0,5.9,78000,,United States United Kingdom
Hidalgo,3.0,2004.0,6.7,86000,,
Hidden Figures,12.0,2016.0,7.8,256000,,
High Crimes,4.0,2002.0,6.4,48000,,
High Fidelity,3.0,2000.0,,,,
High Heels and Low Lifes,10.0,2001.0,6.1,37000,,United Kingdom United States
High School Musical 3: Senior Year,10.0,2008.0,5.0,68000,,
High Tension,6.0,2005.0,6.7,78000,,
Higher Ground,8.0,2011.0,6.2,33000,,United States
Highlander: Endgame,9.0,2000.0,,,,
Hillary’s America: The Secret History of the Democratic Party,7.0,2016.0,,,,
His Only Son,3.0,2023.0,5.9,26000,,
Hit & Run,8.0,2012.0,,,,
Hit and Run,8.0,2012.0,6.1,38000,,United States
Hitch,2.0,2005.0,6.6,336000,,
Hitman,11.0,2007.0,6.2,178000,,
Hitman: Agent 47,8.0,2015.0,5.7,96000,,
Hodejegerne,3.0,2012.0,,,,
Holes,4.0,2003.0,7.0,100000,,
Hollow Man,8.0,2000.0,,,,
Hollywood Ending,5.0,2002.0,6.5,28000,,
Hollywood Homicide,6.0,2003.0,5.3,39000,,
Holmes & Watson,12.0,2018.0,3.9,39000,,
Home,3.0,2015.0,6.5,112000,,
Home Again,9.0,2017.0,5.8,35000,,
Home on the Range,4.0,2004.0,5.4,26000,,
Homefront,11.0,2013.0,,,,
Honey,12.0,2003.0,5.3,47000,,
Hoodwinked,12.0,2005.0,,,,
Hoodwinked Too: Hood vs. Evil,4.0,2011.0,,,,
Hoot,5.0,2006.0,5.5,88000,,
Hop,4.0,2011.0,5.4,37000,,
Hope Springs,8.0,2012.0,6.3,44000,,
Horrible Bosses,7.0,2011.0,6.9,470000,,
Horrible Bosses 2,11.0,2014.0,6.3,185000,,
Horton Hears a Who,3.0,2008.0,,,,
Hostage,3.0,2005.0,6.5,114000,,
Hostel,1.0,2006.0,5.9,191000,,
Hostel: Part II,6.0,2007.0,5.5,96000,,
Hostiles,12.0,2017.0,7.2,96000,,
Hot Fuzz,4.0,2007.0,7.8,536000,,
Hot Pursuit,5.0,2015.0,5.1,54000,,
Hot Rod,8.0,2007.0,6.7,94000,,
Hot Tub Time Machine,3.0,2010.0,6.4,187000,,
Hot Tub Time Machine 2,2.0,2015.0,5.0,42000,,
Hotel Artemis,6.0,2018.0,6.1,59000,,
Hotel Mumbai,3.0,2019.0,7.6,71000,,
Hotel Rwanda,12.0,2004.0,8.1,373000,,
Hotel Transylvania,9.0,2012.0,7.0,282000,,
Hotel Transylvania 2,9.0,2015.0,6.6,143000,,
Hotel Transylvania 3: Summer Vacation,7.0,2018.0,6.3,86000,,
Hotel for Dogs,1.0,2009.0,5.5,25000,,
House at the End of the Street,9.0,2012.0,5.5,81000,,
"House of 1,000 Corpses",3.0,2004.0,,,,
House of 1000 Corpses,4.0,2003.0,6.0,94000,,United States
House of Flying Daggers,12.0,2004.0,7.5,116000,,
House of Sand and Fog,12.0,2003.0,7.5,73000,,
House of Wax,5.0,2005.0,5.5,134000,,
House of the Dead,10.0,2003.0,2.1,39000,,Germany Canada United States
How Do You Know,12.0,2010.0,5.4,55000,,United States
How Do You Know?,12.0,2010.0,,,,
How High,12.0,2001.0,6.2,62000,,
How She Move,1.0,2008.0,3.6,68000,,
How the Grinch Stole Christmas,11.0,2000.0,6.3,292000,,
How to Be Single,2.0,2016.0,6.1,94000,,United States
How to Be a Latin Lover,4.0,2017.0,6.0,18000,,
How to Deal,7.0,2003.0,5.6,10000,,
How to Lose Friends & Alienate People,10.0,2008.0,6.4,71000,,
How to Lose a Guy in 10 Days,2.0,2003.0,6.5,271000,,
How to Train Your Dragon,3.0,2010.0,8.1,802000,,
How to Train Your Dragon 2,6.0,2014.0,7.8,365000,,
How to Train Your Dragon: The Hidden World,2.0,2019.0,7.4,151000,,
How to be Single,2.0,2016.0,,,,
Huevos: Little Rooster's Egg-cellent Adventure,9.0,2015.0,5.7,12000,,Mexico
Hugo,11.0,2011.0,7.5,337000,,
Hulk,6.0,2003.0,5.6,279000,,
Hunt for the Wilderpeople,6.0,2016.0,7.8,142000,,
Hunter Killer,10.0,2018.0,6.6,74000,,
Hustle & Flow,7.0,2005.0,7.3,43000,,
Hustlers,9.0,2019.0,6.3,108000,,
I Am Legend,12.0,2007.0,7.2,816000,,United States
I Am Not Your Negro,2.0,2017.0,7.9,24000,,
I Am Number Four,2.0,2011.0,6.1,247000,,United States India
I Am Sam,12.0,2001.0,7.6,155000,,
I Can Do Bad All By Myself,9.0,2009.0,,,,
I Can Only Imagine,3.0,2018.0,7.3,18000,,
I Capture the Castle,7.0,2003.0,6.8,8000,,
I Don't Know How She Does It,9.0,2011.0,5.0,21000,,
I Dreamed of Africa,5.0,2000.0,,,,
I Feel Pretty,4.0,2018.0,5.6,57000,,
I Frankenstein,1.0,2014.0,5.1,84000,,United States Australia
I Heart Huckabees,10.0,2004.0,6.5,66000,,
I Love You Beth Cooper,7.0,2009.0,5.3,37000,,United States Canada United Kingdom
I Love You Phillip Morris,12.0,2010.0,6.6,100000,,France United States
"I Love You, Beth Cooper",7.0,2009.0,,,,
"I Love You, Man",3.0,2009.0,,,,
"I Love You, Phillip Morris",12.0,2010.0,,,,
I Now Pronounce You Chuck & Larry,7.0,2007.0,5.9,154000,,United States
I Now Pronounce You Chuck and Larry,7.0,2007.0,,,,
I Robot,7.0,2004.0,7.1,576000,,United States Germany
I Spit on Your Grave,10.0,2010.0,6.2,93000,,United States
I Spy,11.0,2002.0,5.4,53000,,
I Think I Love My Wife,3.0,2007.0,5.5,18000,,
I am Legend,12.0,2007.0,,,,
I am Number Four,3.0,2011.0,,,,
"I, Frankenstein",6.0,2014.0,,,,
"I, Robot",7.0,2004.0,,,,
"I, Tonya",1.0,2018.0,,,,
Ice Age,3.0,2002.0,7.5,520000,,
Ice Age: Collision Course,7.0,2016.0,5.7,75000,,
Ice Age: Continental Drift,7.0,2012.0,6.5,225000,,
Ice Age: Dawn of the Dinosaurs,7.0,2009.0,6.9,265000,,
Ice Age: The Meltdown,3.0,2006.0,6.8,297000,,
Ice Princess,3.0,2005.0,6.0,29000,,
Ida,5.0,2014.0,7.4,61000,,
Identity,4.0,2003.0,7.3,268000,,
Identity Thief,2.0,2013.0,5.7,141000,,
Idlewild,8.0,2006.0,6.2,58000,,
If Beale Street Could Talk,12.0,2018.0,7.1,53000,,
If I Stay,8.0,2014.0,6.7,128000,,
Igby Goes Down,9.0,2002.0,6.8,35000,,
Igor,9.0,2008.0,5.9,24000,,
Imaginary,3.0,2024.0,,,,
Imagine That,6.0,2009.0,5.6,16000,,
Immortals,11.0,2011.0,6.0,177000,,
Impostor,1.0,2002.0,6.1,25000,,
In Bruges,2.0,2008.0,7.9,462000,,
In Good Company,12.0,2004.0,6.5,57000,,
In Time,10.0,2011.0,6.7,447000,,
In a Better World,4.0,2011.0,7.6,42000,,Denmark Sweden
In the Bedroom,11.0,2001.0,7.4,42000,,
In the Cut,10.0,2003.0,5.4,26000,,
In the Heart of the Sea,12.0,2015.0,6.9,149000,,
In the Land of Women,4.0,2007.0,6.4,33000,,
In the Name of the King: A Dungeon Siege Tale,1.0,2008.0,3.8,51000,,
In the Valley of Elah,9.0,2007.0,7.2,75000,,
Incarnate,4.0,2024.0,,,,
Incendies,4.0,2011.0,8.3,201000,,
Inception,7.0,2010.0,8.8,26000000,,
Incredibles 2,6.0,2018.0,7.5,332000,,
Independence Day: Resurgence,6.0,2016.0,5.2,189000,,
Indiana Jones and the Dial of Destiny,6.0,2023.0,6.5,200000,,
Indiana Jones and the Kingdom of the Crystal Skull,5.0,2008.0,6.2,492000,,
Inferno,10.0,2016.0,6.2,190000,,
Inglourious Basterds,8.0,2009.0,8.4,16000000,,
Inherent Vice,12.0,2014.0,6.6,111000,,
Inkheart,1.0,2009.0,6.1,82000,,
Inside Deep Throat,2.0,2005.0,6.7,7000,,United States
Inside Job,10.0,2010.0,8.2,79000,,
Inside Llewyn Davis,12.0,2013.0,7.4,164000,,
Inside Man,3.0,2006.0,7.6,399000,,
Inside Out,6.0,2015.0,8.1,787000,,
Insidious,4.0,2011.0,6.8,339000,,
Insidious Chapter 2,9.0,2013.0,,,,
Insidious Chapter 3,6.0,2015.0,,,,
Insidious: Chapter 2,9.0,2013.0,6.5,189000,,United States United Kingdom Canada
Insidious: Chapter 3,6.0,2015.0,6.1,119000,,United Kingdom Canada United States
Insidious: The Last Key,1.0,2018.0,5.7,72000,,
Insidious: The Red Door,7.0,2023.0,5.5,51000,,
Insomnia,5.0,2002.0,7.2,320000,,
Instant Family,11.0,2018.0,7.3,120000,,
Intermission,3.0,2004.0,6.8,17000,,Ireland United Kingdom
Interstellar,11.0,2014.0,8.7,21000000,,
Into the Blue,9.0,2005.0,5.9,80000,,
Into the Storm,8.0,2014.0,5.8,72000,,
Into the Wild,9.0,2007.0,8.1,659000,,
Into the Woods,12.0,2014.0,5.9,148000,,
Intolerable Cruelty,10.0,2003.0,6.3,102000,,
Invictus,12.0,2009.0,7.3,168000,,
Invincible,8.0,2006.0,7.0,75000,,
Io sono l’amore,9.0,2010.0,,,,
Iris,12.0,2001.0,7.0,19000,,
Iron Man,5.0,2008.0,7.9,11000000,,
Iron Man 2,5.0,2010.0,6.9,870000,,
Iron Man 3,5.0,2013.0,7.1,900000,,
Iron Monkey,10.0,2001.0,7.5,17000,,
Isn't It Romantic,2.0,2019.0,5.9,74000,,United States
Isn’t it Romantic,2.0,2019.0,,,,
It,9.0,2017.0,7.3,607000,,
It Chapter Two,9.0,2019.0,6.5,303000,,United States Canada
It Comes at Night,6.0,2017.0,6.2,103000,,
It Follows,3.0,2015.0,6.8,270000,,
It's All Gone Pete Tong,4.0,2005.0,7.2,21000,,United Kingdom Canada
It's Complicated,12.0,2009.0,6.5,99000,,Japan United States
It's Kind of a Funny Story,10.0,2010.0,7.1,148000,,
It: Chapter Two,9.0,2019.0,,,,
Italian for Beginners,1.0,2002.0,7.0,14000,,Denmark Sweden
It’s Complicated,12.0,2009.0,,,,
I’m Not There,5.0,2008.0,,,,
J. Edgar,11.0,2011.0,6.5,134000,,
Jack Reacher,12.0,2012.0,7.0,365000,,
Jack Reacher: Never Go Back,10.0,2016.0,6.1,176000,,
Jack Ryan: Shadow Recruit,1.0,2014.0,6.2,138000,,
Jack and Jill,11.0,2011.0,3.3,91000,,
Jack the Giant Slayer,3.0,2013.0,6.3,147000,,
Jackass 3D,10.0,2010.0,7.0,69000,,
Jackass Number Two,9.0,2006.0,7.0,80000,,United States
Jackass Presents: Bad Grandpa,10.0,2013.0,6.5,98000,,
Jackass: Number Two,9.0,2006.0,,,,
Jackass: The Movie,10.0,2002.0,6.6,102000,,
Jackie,12.0,2016.0,6.7,83000,,
Jarhead,11.0,2005.0,7.0,207000,,
Jason Bourne,7.0,2016.0,6.6,242000,,
Jason X,4.0,2002.0,4.4,62000,,
Jay and Silent Bob Strike Back,8.0,2001.0,6.8,161000,,
Jeepers Creepers,8.0,2001.0,6.2,143000,,
Jeepers Creepers 2,8.0,2003.0,5.7,71000,,
Jem and the Holograms,10.0,2015.0,4.2,83000,,United States
Jennifer's Body,9.0,2009.0,5.5,152000,,
Jersey Boys,6.0,2014.0,6.8,37000,,
Jersey Girl,3.0,2004.0,6.2,71000,,
Jesus Revolution,2.0,2023.0,7.1,14000,,
Jet Li's Hero,10.0,2002.0,,,,
Jexi,10.0,2019.0,6.0,32000,,
Jigsaw,10.0,2017.0,5.7,92000,,
Jimmy Neutron: Boy Genius,12.0,2001.0,6.1,38000,,
Jin líng shí san chai,12.0,2011.0,,,,
Jobs,8.0,2013.0,6.0,104000,,
Jodaeiye Nader az Simin,12.0,2011.0,,,,
Joe Dirt,4.0,2001.0,6.0,61000,,
Joe Somebody,12.0,2001.0,5.5,11000,,
John Carpenter’s Ghosts of Mars,8.0,2001.0,,,,
John Carter,3.0,2012.0,6.6,286000,,
John Q,2.0,2002.0,7.1,144000,,United States
John Q.,2.0,2002.0,,,,
John Tucker Must Die,7.0,2006.0,5.7,88000,,
John Wick,10.0,2014.0,7.4,740000,,
John Wick: Chapter 3 - Parabellum,5.0,2019.0,7.4,427000,,United States
John Wick: Chapter 3 — Parabellum,5.0,2019.0,,,,
John Wick: Chapter 4,3.0,2023.0,7.7,335000,,Germany United States
John Wick: Chapter Two,2.0,2017.0,,,,
Johnny English,7.0,2003.0,6.3,174000,,
Johnny English Reborn,10.0,2011.0,6.3,141000,,
Johnny English Strikes Again,10.0,2018.0,6.2,83000,,
Johnson Family Vacation,4.0,2004.0,4.5,84000,,
Jojo Rabbit,10.0,2019.0,7.9,442000,,
Joker,8.0,2012.0,2.4,59000,,
Jonah Hex,6.0,2010.0,4.7,62000,,
Jonah: A VeggieTales Movie,10.0,2002.0,6.4,45000,,
Josie and the Pussycats,4.0,2001.0,5.6,25000,,
Journey 2: The Mysterious Island,2.0,2012.0,5.7,112000,,
Journey from the Fall,3.0,2007.0,7.2,940,,United States
Journey to Bethlehem,11.0,2023.0,,,,
Journey to the Center of the Earth,7.0,2008.0,5.8,132000,,
Joy,12.0,2015.0,6.6,146000,,
Joy Ride,7.0,2023.0,6.4,24000,,
Joyful Noise,1.0,2012.0,5.7,89000,,
Judy Moody and the Not Bummer Summer,6.0,2011.0,4.3,34000,,
Julie & Julia,8.0,2009.0,7.0,129000,,
"Juliet, Naked",8.0,2018.0,,,,
Jumanji: The Next Level,12.0,2019.0,,,,
Jumanji: Welcome to the Jungle,12.0,2017.0,7.0,451000,,
Jumper,2.0,2008.0,6.1,324000,,
Jumping the Broom,5.0,2011.0,5.7,12000,,
Juno,12.0,2007.0,7.4,550000,,
Jupiter Ascending,2.0,2015.0,5.3,195000,,
Jurassic Park,9.0,2018.0,8.2,11000000,,United States
Jurassic Park III,7.0,2001.0,5.9,341000,,
Jurassic World,6.0,2015.0,6.9,680000,,
Jurassic World: Fallen Kingdom,6.0,2018.0,6.1,345000,,
Just Getting Started,12.0,2017.0,4.6,84000,,
Just Go With It,2.0,2011.0,,,,
Just Go with It,2.0,2011.0,6.4,266000,,United States
Just Like Heaven,9.0,2005.0,6.7,117000,,
Just Married,1.0,2003.0,5.5,74000,,
Just Mercy,1.0,2020.0,,,,
Just My Luck,5.0,2006.0,5.4,62000,,
Just Visiting,4.0,2001.0,5.7,20000,,
Just Wright,5.0,2010.0,5.9,16000,,
Justice League,11.0,2017.0,6.1,479000,,
Justin Bieber's Believe,12.0,2013.0,1.6,18000,,United States
Justin Bieber: Never Say Never,2.0,2011.0,1.7,76000,,
Juwanna Mann,6.0,2002.0,4.7,71000,,
Jûsan-nin no shikaku,4.0,2011.0,,,,
K-19: The Widowmaker,7.0,2002.0,6.7,67000,,
K-PAX,10.0,2001.0,7.4,193000,,
Kangaroo Jack,1.0,2003.0,4.5,34000,,
Kate and Leopold,12.0,2001.0,,,,
Katy Perry: Part of Me,7.0,2012.0,,,,
Keane,9.0,2005.0,6.9,58000,,United States
Keanu,4.0,2016.0,6.2,52000,,
Keeping Up with the Joneses,10.0,2016.0,5.9,68000,,
Keeping the Faith,4.0,2000.0,,,,
Kevin Hart: Laugh at My Pain,9.0,2011.0,7.3,65000,,
Kevin Hart: Let Me Explain,7.0,2013.0,6.7,94000,,
Kevin Hart: What Now?,10.0,2016.0,5.9,10000,,
Kick-Ass,4.0,2010.0,7.6,594000,,
Kick-Ass 2,8.0,2013.0,6.5,289000,,
Kicking & Screaming,5.0,2005.0,5.6,41000,,United States
Kicking and Screaming,5.0,2005.0,,,,
Kidnap,8.0,2017.0,5.9,39000,,
Kill Bill: Vol. 1,10.0,2003.0,8.2,12000000,,United States
Kill Bill: Vol. 2,4.0,2004.0,8.0,807000,,United States
Kill Bill: Volume 1,10.0,2003.0,,,,
Kill Bill: Volume 2,4.0,2004.0,,,,
Kill the Messenger,10.0,2014.0,6.9,49000,,
Killer Elite,9.0,2011.0,6.4,136000,,
Killers,6.0,2010.0,5.4,96000,,
Killers of the Flower Moon,10.0,2023.0,7.6,242000,,
Killing Them Softly,11.0,2012.0,6.2,153000,,
Kin,8.0,2018.0,5.8,19000,,
King Arthur,7.0,2004.0,6.3,176000,,
King Arthur: Legend of the Sword,5.0,2017.0,6.7,233000,,
King Kong,12.0,2005.0,7.2,447000,,
Kingdom Come,4.0,2001.0,5.5,24000,,
Kingdom of Heaven,5.0,2005.0,7.3,316000,,
Kingsman: The Golden Circle,9.0,2017.0,6.7,364000,,
Kingsman: The Secret Service,2.0,2015.0,7.7,717000,,
Kinsey,11.0,2004.0,7.1,51000,,
Kiss Kiss Bang Bang,10.0,2005.0,7.5,238000,,United States
"Kiss Kiss, Bang Bang",11.0,2005.0,,,,
Kiss of the Dragon,7.0,2001.0,6.6,67000,,France United States
Kissing Jessica Stein,3.0,2002.0,6.6,17000,,
Kit Kittredge: An American Girl,6.0,2008.0,6.5,63000,,
Knight and Day,6.0,2010.0,6.3,210000,,
Knights of the Zodiac,5.0,2023.0,4.4,13000,,
Knives Out,11.0,2019.0,,,,
Knock Knock,10.0,2015.0,4.9,105000,,
Knock at the Cabin,2.0,2023.0,6.1,116000,,
Knockaround Guys,10.0,2002.0,6.1,25000,,
Knocked Up,6.0,2007.0,6.9,385000,,
Knowing,3.0,2009.0,6.2,248000,,
Kong: Skull Island,3.0,2017.0,6.7,349000,,
Krampus,12.0,2015.0,6.2,84000,,
Kubo and the Two Strings,8.0,2016.0,7.7,139000,,
Kung Fu Hustle,4.0,2005.0,7.7,151000,,
Kung Fu Panda,6.0,2008.0,7.6,524000,,
Kung Fu Panda 2,5.0,2011.0,7.3,322000,,
Kung Fu Panda 3,1.0,2016.0,7.1,190000,,
Kung Fu Panda 4,3.0,2024.0,,,,
Kung Pow: Enter the Fist,1.0,2002.0,6.2,49000,,
L'illusionniste,4.0,2023.0,,,,
LOL,5.0,2012.0,,,,
La La Land,12.0,2016.0,8.0,673000,,
La Môme,11.0,2020.0,,,,
La Tortue Rouge,7.0,2016.0,,,,
La Vie En Rose,6.0,2007.0,7.6,91000,,France United Kingdom Czech Republic
La mala educación,3.0,2005.0,,,,
La marche de l'empereur,2.0,2017.0,,,,
La misma luna,3.0,2008.0,,,,
La piel que habito,4.0,2021.0,,,,
La science des rêves,12.0,2006.0,,,,
Labor Day,1.0,2014.0,6.9,51000,,
Ladder 49,10.0,2004.0,6.5,59000,,
Lady Bird,11.0,2017.0,7.4,330000,,
Lady Macbeth,7.0,2017.0,6.8,27000,,
Lady in the Water,7.0,2006.0,5.5,104000,,
Lakeview Terrace,9.0,2008.0,6.2,56000,,
Land of the Dead,6.0,2005.0,6.2,101000,,United States Canada France
Land of the Lost,6.0,2009.0,5.3,75000,,
Lara Croft: Tomb Raider,6.0,2001.0,5.8,219000,,
Lara Croft: Tomb Raider - The Cradle of Life,7.0,2003.0,5.5,145000,,United States Germany Japan United Kingdom Hong Kong
Lara Croft: Tomb Raider: The Cradle of Life,8.0,2003.0,,,,
Larry Crowne,7.0,2011.0,6.1,71000,,
Larry the Cable Guy: Health Inspector,3.0,2006.0,3.4,12000,,
Lars and the Real Girl,10.0,2007.0,7.3,156000,,
Last Christmas,11.0,2019.0,,,,
Last Holiday,1.0,2006.0,6.6,36000,,
Last Vegas,11.0,2013.0,6.6,137000,,
Late Night,6.0,2019.0,6.5,41000,,
Law Abiding Citizen,10.0,2009.0,7.4,320000,,
Lawless,8.0,2012.0,7.2,254000,,
Laws of Attraction,4.0,2004.0,5.8,25000,,
Layer Cake,5.0,2005.0,7.3,196000,,
Le Fabuleux destin d'Amélie Poulain,9.0,2001.0,,,,
Le Scaphandre et le Papillon,2.0,2008.0,,,,
Le fils de l’autre,4.0,2012.0,,,,
Le nom des gens,6.0,2011.0,,,,
Leap Year,1.0,2010.0,6.4,111000,,
Leatherheads,4.0,2008.0,6.0,33000,,
Leaves of Grass,9.0,2010.0,6.4,28000,,United States
Lee Daniels' The Butler,9.0,2013.0,,,,
Left Behind,10.0,2014.0,3.1,43000,,
Legally Blonde,7.0,2001.0,6.5,249000,,
Legally Blonde 2: Red White & Blonde,7.0,2003.0,4.8,73000,,United States
"Legally Blonde 2: Red, White & Blonde",8.0,2003.0,,,,
Legend,9.0,2015.0,,,,
Legend of the Guardians: The Owls of Ga'Hoole,9.0,2010.0,6.9,88000,,
Legends of Oz: Dorothy's Return,5.0,2014.0,5.0,63000,,United States India
Legends of Oz: Dorothy’s Return,2.0,2015.0,,,,
Legion,1.0,2010.0,5.3,112000,,
Lemony Snicket's A Series of Unfortunate Events,12.0,2004.0,,,,
Les Choristes,1.0,2005.0,,,,
Les Innocentes,2.0,2016.0,,,,
Les Intouchables,3.0,2012.0,,,,
Les Misérables,12.0,2012.0,,,,
Les Mis�rables,12.0,2012.0,7.5,346000,,United Kingdom United States
Les Triplettes de Belleville,5.0,2004.0,,,,
Les gardiennes,12.0,2017.0,,,,
Les invasions barbares,4.0,2004.0,,,,
Let Me In,10.0,2010.0,7.1,127000,,
Let There Be Light,10.0,2017.0,4.5,32000,,
Let's Be Cops,8.0,2014.0,6.4,140000,,United States
Letters from Iwo Jima,12.0,2006.0,7.8,170000,,
Letters to God,4.0,2010.0,6.2,53000,,United States
Letters to Juliet,5.0,2010.0,6.5,107000,,
Let’s Be Cops,11.0,2014.0,,,,
License to Wed,7.0,2007.0,5.2,41000,,
Life,3.0,2017.0,6.6,254000,,
Life During Wartime,7.0,2010.0,6.4,79000,,United States
Life Itself,7.0,2014.0,7.8,16000,,
Life as We Know It,10.0,2010.0,6.5,139000,,
Life as a House,10.0,2001.0,7.4,46000,,
Life of Pi,11.0,2012.0,7.9,668000,,
Life of the Party,5.0,2018.0,5.6,40000,,
Life or Something Like It,4.0,2002.0,5.8,28000,,United States Poland
"Life, or Something Like It",4.0,2002.0,,,,
Lights Out,7.0,2016.0,6.3,143000,,
Like Mike,7.0,2002.0,5.4,23000,,
Lilo & Stitch,6.0,2002.0,7.3,212000,,
Limitless,3.0,2011.0,7.4,613000,,
Lincoln,11.0,2012.0,7.3,273000,,
Lion,11.0,2016.0,8.0,252000,,
Lions for Lambs,11.0,2007.0,6.2,53000,,
Little,4.0,2019.0,5.5,15000,,
Little Black Book,8.0,2004.0,5.3,19000,,
Little Boy,4.0,2015.0,7.3,24000,,
Little Children,10.0,2006.0,7.5,117000,,
Little Fockers,12.0,2010.0,5.5,119000,,
Little Man,7.0,2006.0,4.5,60000,,
Little Miss Sunshine,7.0,2006.0,7.8,519000,,
Little Nicky,11.0,2000.0,5.3,113000,,
Little Women,9.0,2018.0,5.3,14000,,
Live Free or Die Hard,6.0,2007.0,7.1,421000,,
Live by Night,12.0,2016.0,6.4,60000,,
Local Color,10.0,2007.0,6.8,18000,,United States
Lockout,4.0,2012.0,6.0,101000,,
Logan,3.0,2017.0,8.1,833000,,
Logan Lucky,8.0,2017.0,7.0,162000,,
London Has Fallen,3.0,2016.0,5.9,170000,,
Lone Survivor,12.0,2013.0,7.5,307000,,
Long Shot,5.0,2019.0,6.8,122000,,
Looney Tunes: Back in Action,11.0,2003.0,5.8,40000,,
Looper,9.0,2012.0,7.4,604000,,
Lord of War,9.0,2005.0,7.6,337000,,
Lords of Dogtown,6.0,2005.0,7.1,58000,,
Los tres entierros de Melquiades Estrada,12.0,2005.0,,,,
Lost Souls,10.0,2000.0,,,,
Lost in Translation,9.0,2003.0,7.7,490000,,
Lottery Ticket,8.0,2010.0,5.1,12000,,
Love & Basketball,4.0,2000.0,,,,
Love & Friendship,5.0,2016.0,6.4,26000,,
Love & Other Drugs,11.0,2010.0,6.7,225000,,United States
Love Actually,11.0,2003.0,7.6,532000,,
Love Happens,9.0,2009.0,5.7,34000,,
Love Ranch,6.0,2010.0,5.6,34000,,Germany United States
Love Simon,3.0,2018.0,7.5,126000,,United States
Love and Other Drugs,11.0,2010.0,,,,
Love in the Time of Cholera,11.0,2007.0,,,,
Love the Coopers,11.0,2015.0,5.8,27000,,
Love's Abiding Joy,10.0,2006.0,6.8,21000,,United States
"Love, Simon",3.0,2018.0,,,,
Loving,11.0,2016.0,7.0,36000,,
Loving Vincent,9.0,2017.0,7.8,64000,,
Lowriders,5.0,2017.0,5.7,27000,,
Lucky Number Slevin,4.0,2006.0,7.7,326000,,
Lucky Numbers,10.0,2000.0,,,,
Lucky You,5.0,2007.0,5.9,21000,,
Lucy,7.0,2014.0,6.4,535000,,
Lust Caution,9.0,2007.0,7.5,46000,,Taiwan United States Hong Kong China
Luther,9.0,2003.0,6.6,16000,,
Låt den rätte komma in,11.0,2008.0,,,,
MA,5.0,2019.0,,,,
Ma,5.0,2019.0,5.6,60000,,Japan United States
Ma vie de Courgette,6.0,2016.0,,,,
MacGruber,5.0,2010.0,5.6,47000,,
Machete,9.0,2010.0,6.6,204000,,
Machete Kills,10.0,2013.0,5.6,82000,,
Machine Gun Preacher,9.0,2011.0,6.7,69000,,United States
Mad Hot Ballroom,5.0,2005.0,7.4,36000,,
Mad Max: Fury Road,1.0,2016.0,8.1,11000000,,
Mad Money,1.0,2008.0,5.9,23000,,
Madagascar,5.0,2005.0,6.9,438000,,
Madagascar 3: Europe's Most Wanted,6.0,2012.0,6.8,198000,,
Madagascar: Escape 2 Africa,11.0,2008.0,6.6,248000,,
Madame Web,2.0,2024.0,,,,
Made,7.0,2001.0,6.3,19000,,
Made in Dagenham,11.0,2010.0,7.1,16000,,
Made of Honor,5.0,2008.0,5.8,76000,,
Madea Goes To Jail,2.0,2009.0,,,,
Madea's Family Reunion,2.0,2006.0,5.3,12000,,
Madea's Witness Protection,6.0,2012.0,4.9,11000,,United States
Madea’s Big Happy Family,4.0,2011.0,,,,
Magic Mike,6.0,2012.0,6.1,147000,,
Magic Mike XXL,7.0,2015.0,5.6,61000,,
Maid in Manhattan,12.0,2002.0,5.4,96000,,
Maleficent,5.0,2014.0,6.9,401000,,
Maleficent: Mistress of Evil,10.0,2019.0,6.6,119000,,
Malevolence,9.0,2004.0,5.0,38000,,United States
Malibu's Most Wanted,4.0,2003.0,5.2,21000,,United States
Malibu’s Most Wanted,4.0,2003.0,,,,
Mama,1.0,2013.0,6.2,191000,,
Mambo Italiano,9.0,2003.0,6.7,7000,,
Mamma Mia!,7.0,2008.0,6.5,275000,,
Mamma Mia! Here We Go Again,7.0,2018.0,6.6,109000,,United Kingdom United States Japan China Croatia
Mamma Mia: Here We Go Again!,7.0,2018.0,,,,
Man cheng jin dai huang jin jia,12.0,2006.0,,,,
Man of Steel,6.0,2013.0,7.1,813000,,
Man of the House,2.0,2005.0,5.4,25000,,
Man of the Year,10.0,2006.0,6.2,35000,,
Man on Fire,4.0,2004.0,7.7,390000,,
Man on Wire,7.0,2008.0,7.7,59000,,
Man on a Ledge,1.0,2012.0,6.6,159000,,
Manchester by the Sea,11.0,2016.0,7.8,314000,,
Mandela: Long Walk to Freedom,11.0,2013.0,7.1,29000,,
Mao's Last Dancer,8.0,2010.0,7.3,83000,,
Marci X,8.0,2003.0,3.0,55000,,Germany United States
Margaret,9.0,2011.0,6.5,18000,,United States
Margin Call,10.0,2011.0,7.1,145000,,
Maria Full of Grace,7.0,2004.0,7.4,36000,,
Marie Antoinette,10.0,2006.0,6.5,122000,,
Marley & Me,12.0,2008.0,7.0,168000,,
Marmaduke,6.0,2010.0,4.3,18000,,
Married Life,3.0,2008.0,6.2,98000,,United States Canada
Mars Needs Moms,3.0,2011.0,5.4,24000,,
Marshall,10.0,2017.0,7.3,27000,,
Martha Marcy May Marlene,10.0,2011.0,6.8,56000,,
Martian Child,11.0,2007.0,,,,
Martin Lawrence Live: RunTelDat,8.0,2002.0,,,,
Martin Lawrence Live: Runteldat,8.0,2002.0,5.4,18000,,United States
Mary Poppins Returns,12.0,2018.0,6.7,95000,,
Mary Queen of Scots,12.0,2018.0,6.3,55000,,
Master and Commander: The Far Side of the World,11.0,2003.0,7.5,238000,,
Masterminds,9.0,2016.0,5.8,60000,,
Match Point,12.0,2005.0,7.6,228000,,
Max,12.0,2002.0,6.4,88000,,
Max Keeble's Big Move,10.0,2001.0,5.4,87000,,
Max Payne,10.0,2008.0,5.3,130000,,
Maze Runner: The Death Cure,1.0,2018.0,6.3,164000,,
Maze Runner: The Scorch Trials,9.0,2015.0,6.3,277000,,
"McFarland, USA",2.0,2015.0,,,,
Me Before You,6.0,2016.0,7.4,288000,,
Me and Earl and the Dying Girl,6.0,2015.0,7.7,138000,,
Me and Orson Welles,11.0,2009.0,6.7,12000,,United Kingdom Isle of Man United States
Me and You and Everyone We Know,6.0,2005.0,7.2,37000,,
"Me, Myself & Irene",6.0,2000.0,,,,
Mean Girls,4.0,2004.0,7.1,436000,,
Mechanic: Resurrection,8.0,2016.0,5.7,94000,,
Meek's Cutoff,4.0,2011.0,6.5,15000,,United States
Meet Dave,7.0,2008.0,5.1,44000,,
Meet the Blacks,4.0,2016.0,4.8,38000,,
Meet the Browns,3.0,2008.0,4.5,73000,,
Meet the Fockers,12.0,2004.0,6.3,287000,,
Meet the Mormons,10.0,2014.0,6.4,2000,,
Meet the Parents,10.0,2000.0,7.0,356000,,
Meet the Spartans,1.0,2008.0,2.8,112000,,
Meg 2: The Trench,8.0,2023.0,5.0,79000,,
Megamind,11.0,2010.0,7.3,296000,,
Megiddo: Omega Code 2,9.0,2001.0,,,,
Megiddo: The Omega Code 2,9.0,2001.0,3.9,3000,,United States
Mei Ren Yu,2.0,2016.0,,,,
Melancholia,11.0,2011.0,7.1,196000,,
Memento,3.0,2001.0,8.4,13000000,,
Memoirs of a Geisha,12.0,2005.0,7.3,161000,,
Men in Black 2,7.0,2002.0,,,,
Men in Black 3,5.0,2012.0,,,,
Men in Black II,7.0,2002.0,6.2,404000,,United States
Men in Black: International,6.0,2019.0,5.6,147000,,
Men in Black�,5.0,2012.0,6.8,387000,,United States United Arab Emirates
Men of Honor,11.0,2000.0,7.2,125000,,
Metallica Through the Never,9.0,2013.0,7.1,18000,,
Miami Vice,7.0,2006.0,6.1,124000,,
Michael Clayton,10.0,2007.0,7.2,174000,,
Michael Jackson's This Is It,10.0,2009.0,,,,
Mickey,4.0,2004.0,6.5,508,,United States
Micmacs,5.0,2010.0,7.1,31000,,
Mid90s,10.0,2018.0,7.3,78000,,
Middle Men,8.0,2010.0,6.8,38000,,United States
Middle School: The Worst Years of My Life,10.0,2016.0,6.1,10000,,
Middle of Nowhere,10.0,2012.0,6.6,2000,,United States
Midnight Special,3.0,2016.0,6.6,84000,,
Midnight Sun,3.0,2018.0,6.6,36000,,
Midnight in Paris,5.0,2011.0,7.6,450000,,
Midsommar,7.0,2019.0,7.1,405000,,
Midway,11.0,2019.0,,,,
Mike and Dave Need Wedding Dates,7.0,2016.0,6.0,95000,,
Mile 22,8.0,2018.0,6.1,87000,,
Milk,11.0,2008.0,7.5,180000,,
Million Dollar Arm,5.0,2014.0,7.0,48000,,
Million Dollar Baby,12.0,2004.0,8.1,723000,,
Mindhunters,5.0,2005.0,6.3,64000,,
Minions,7.0,2015.0,6.4,260000,,
Minority Report,6.0,2002.0,7.6,585000,,
Miracle,2.0,2004.0,7.4,59000,,
Miracle at St. Anna,9.0,2008.0,6.1,19000,,
Miracles from Heaven,3.0,2016.0,7.1,28000,,
Mirror Mirror,3.0,2012.0,5.6,91000,,
