movie_name,month,year,budget,runtime,genres,mpaa,screens,opening_week,domestic_box_office,international_box_office,worldwide_box_office,country
Flawless,3,2008,None,108,Crime Drama Thriller,PG-13,65,181910,1200234,5619353,6819587,
Bigger Stronger Faster*,5,2008,None,105,Documentary Sport,PG-13,26,31576,308575,None,308575,
OSS 117: Cairo, Nest of Spies,5,2008,None,99,Action Adventure Comedy Crime,None,13,31418,303543,22752341,23055884,
Shutter,3,2008,None,85,Horror Mystery Thriller,PG-13,2,756,10447559,25928550,22626756,48555306,
Galapagos,10,1999,None,39,Documentary Short,None,14,None,18630372,10718800,29349172,
Surfwise,5,2008,None,93,Documentary Sport,R,13,10304,269994,24242,294236,
The Spiderwick Chronicles,2,2008,90000000,96,Action Adventure Drama Family Fantasy Thriller,PG,3,847,19004058,71195053,92975274,164170327,
Flight of the Red Balloon,4,2008,None,115,Drama Family,None,14,35222,461674,874313,1335991,
The 13th Alley,6,2008,None,81,Horror,R,72,112946,250992,None,250992,
Jellyfish,4,2008,None,78,Drama,None,14,25352,341221,569093,910314,
The Foot Fist Way,5,2008,None,85,Comedy,R,25,36391,234286,11006,245292,
Miss Pettigrew Lives for a Day,3,2008,None,92,Comedy Romance,PG-13,539,2490942,12313694,4411239,16724933,
The Band's Visit,2,2008,None,87,Comedy Drama Music Romance,PG-13,121,67492,3054457,11533130,14587587,
How the Garcia Girls Spent Their Summer,5,2008,None,128,Comedy Drama Romance,R,84,91432,215303,None,215303,
Hell Ride,8,2008,None,84,Action Drama Thriller,R,82,100164,213608,176520,390128,
Standard Operating Procedure,4,2008,None,116,Crime Documentary War,R,21,14108,229117,95100,324217,
Chris & Don: A Love Story,6,2008,None,90,Biography Documentary Romance,None,12,10337,216110,None,216110,
The Grocer's Son,6,2008,None,96,Drama,None,7,10587,264889,4830607,5095496,
Meet the Browns,3,2008,None,100,Comedy Drama Romance,PG-13,2,016,20082809,41975388,None,41975388,
The Singing Revolution,12,2007,None,94,Documentary History Music,None,5,2475,426855,None,426855,
Goal II: Living the Dream,8,2008,None,115,Drama Sport,PG-13,99,150098,225067,7639838,7864905,
The Life Before Her Eyes,4,2008,13000000,90,Drama Fantasy Mystery Thriller,R,48,20220,303439,6945051,7248490,
Mister Lonely,5,2008,None,112,Comedy Drama,None,8,16769,167396,240278,407674,
God Tussi Great Ho,8,2008,None,152,Comedy Drama Fantasy,None,69,121432,163756,4643882,4807638,
Elsa & Fred,6,2008,None,108,Comedy Drama Romance,PG,15,10246,189024,2805063,2994087,
My Winnipeg,6,2008,None,80,Comedy Documentary Drama Fantasy History,None,10,14309,159363,126106,285469,
Step Up 2: The Streets,2,2008,None,98,Drama Music Romance,PG-13,2,528,18908826,58017783,92798917,150816700,
My Father My Lord,5,2008,None,72,Drama,None,9,24096,203708,367858,571566,
My Brother is an Only Child,3,2008,None,108,Comedy Crime Drama History,R,14,9357,255620,12638442,12894062,
The Unknown Woman,5,2008,None,118,Drama Mystery Thriller,R,2,5701,152114,6716672,6868786,
Constantine's Sword,4,2008,None,93,Biography Documentary,None,6,10131,179507,None,179507,
The Year My Parents Went on Vacation,2,2008,None,110,Drama,PG,30,80655,807117,2411253,3218370,
Married Life,3,2008,12000000,91,Biography Crime Drama Family Romance,PG-13,120,55851,1507990,1380325,2888315,
Baghead,6,2008,None,84,Comedy Drama Horror Romance,R,18,8640,140106,None,140106,
Sixty Six,8,2008,None,81,Biography Comedy Drama,PG-13,17,9359,224614,None,224614,
Boy A,7,2008,None,106,Drama,R,10,13024,113662,1088713,1202375,
Mere Baap Pehle Aap,6,2008,None,163,Comedy Drama Romance,None,55,113576,113576,7319847,7433423,
The Legend of God's Gun,7,2008,None,78,Fantasy Musical Western,None,8,15096,243768,None,243768,
Bustin' Down the Door,7,2008,None,96,Documentary Sport,None,17,17317,109427,78400,187827,
Trumbo,6,2008,None,96,Biography Documentary,PG-13,6,28125,109057,None,109057,
Where in the World Is Osama Bin Laden?,4,2008,None,90,Comedy Documentary War,PG-13,102,148698,384955,266823,651778,
Stop-Loss,3,2008,25000000,112,Drama War,R,1,305,4555117,10915744,297209,11212953,
Caramel,2,2008,None,95,Comedy Drama Romance,PG,50,71916,1055580,13193169,14248749,
In Search of a Midnight Kiss,8,2008,None,90,Comedy Romance,None,11,13385,172605,1121571,1294176,
A Man Named Pearl,8,2007,None,78,Documentary,G,9,8378,208392,None,208392,
Tashan,4,2008,None,120,Action Comedy Drama Romance,None,75,301226,457380,10825957,11283337,
A Girl Cut in Two,8,2008,None,115,Drama Thriller,None,21,18658,409658,8078879,8488537,
A Jihad for Love,5,2008,None,81,Documentary,None,5,10519,105651,None,105651,
Juno,12,2007,7500000,96,Comedy Drama,PG-13,2,534,413869,143495265,88877416,232372681,
The Midnight Meat Train,8,2008,None,98,Horror Mystery Thriller,R,102,34394,83361,3450952,3534313,
Days and Clouds,7,2008,None,118,Drama,None,4,16707,112102,6854122,6966224,
27 Dresses,1,2008,30000000,111,Comedy Romance,PG-13,3,074,23007725,76808654,85846697,162655351,
Penelope,2,2008,None,104,Comedy Fantasy Romance,PG,1,207,3802144,10011996,11144274,21156270,
Alvin and the Chipmunks,12,2007,60000000,92,Adventure Comedy Family Fantasy Music Musical,PG,3,499,44307417,217326974,148025572,365352546,
Trouble the Water,8,2008,None,90,Documentary,None,15,28606,520151,2615,522766,
Love Comes Lately,6,2008,None,86,Comedy Drama,None,6,14610,78079,49879,127958,
Il trittico dell'amore,5,2008,None,None,None,None,43,2235,80374,None,80374,
Alexandra,3,2008,None,95,Drama War,None,4,9401,128222,331917,460139,
Kenny,6,2008,None,99,Comedy,PG-13,6,3857,69220,6662831,6732051,
Kabluey,7,2008,None,86,Comedy,PG-13,4,7373,83506,13157,96663,
Stuck,5,2008,None,85,Comedy Crime Drama Thriller,R,16,8844,67505,83944,151449,
Louise Bourgeois,6,2008,None,52,Documentary,None,4,9220,95865,578,96443,
The Duchess of Langeais,2,2008,None,137,Drama Music Romance,None,11,22251,282749,700046,982795,
Wild Safari - A South African Adventure,4,2005,None,40,Documentary Short,None,21,None,16621530,17635605,34257135,
Bloodline,5,2008,None,113,Mystery,None,5,6658,64698,None,64698,
CSNY/Déjà Vu,7,2008,None,96,Documentary Music,R,24,33997,65025,167235,232260,
Water Lilies,4,2008,None,85,Drama Romance,None,3,7418,85440,542818,628258,
Take Out,6,2008,None,87,Drama,None,5,10505,69816,None,69816,
Mother of Tears,6,2008,None,102,Drama Horror Thriller,R,7,19419,58669,3061288,3119957,
Bella,10,2007,3300000,91,Drama Romance,PG-13,457,1328448,8070537,4012759,12083296,
Finding Amanda,6,2008,None,96,Comedy Drama,R,13,31340,57297,20113,77410,
Run Fatboy Run,3,2008,10000000,100,Comedy Romance Sport,PG-13,1,133,2340743,6003262,27475659,33478921,
Blood of My Blood,5,2008,None,110,Drama Thriller,None,7,8385,55730,509294,565024,
La Rondine,5,2008,None,106,Music,None,5,2972,49088,None,49088,
Tuya's Marriage,4,2008,None,86,Drama Romance,None,5,2619,88148,2388618,2476766,
Eagle Eye,9,2008,80000000,118,Action Mystery Thriller,PG-13,3,614,29150721,101440743,77326640,178767383,
Beverly Hills Chihuahua,10,2008,None,91,Adventure Comedy Drama Family Romance,PG,3,239,29300465,94514402,54778086,149292488,
High School Musical 3: Senior Year,10,2008,11000000,112,Comedy Drama Family Music Musical Romance,G,3,626,42030184,90559416,162349761,252909177,
Burn After Reading,9,2008,37000000,96,Comedy Crime Drama Thriller,R,2,657,19128001,60355347,103373555,163728902,
Saw V,10,2008,10800000,92,Horror Thriller,R,3,084,30053954,56746769,57117290,113864059,
Nights in Rodanthe,9,2008,None,97,Drama Romance,PG-13,2,704,13418454,41850659,42524687,84375346,
Righteous Kill,9,2008,60000000,101,Crime Mystery Thriller,R,3,152,16288361,40081410,38379289,78460699,
Lakeview Terrace,9,2008,20000000,110,Crime Drama Thriller,None,2,574,15004672,39263506,5391496,44655002,
The Family That Preys,9,2008,None,111,Drama,PG-13,2,070,17381218,37105289,None,37105289,
Max Payne,10,2008,35000000,100,Action Crime Drama Mystery Thriller,PG-13,3,381,17639849,40689393,46377537,87066930,
Body of Lies,10,2008,70000000,128,Action Drama Thriller,R,2,714,12884416,39394666,76506231,115900897,
Quarantine,10,2008,12000000,89,Horror Sci-Fi Thriller,R,2,463,14211321,31691811,9628095,41319906,
Nick and Norah's Infinite Playlist,10,2008,10000000,90,Comedy Drama Music Romance,PG-13,2,421,11311751,31487293,2069338,33556631,
The Women,9,2008,16000000,114,Comedy Drama,PG-13,2,995,10115210,26902075,23105471,50007546,
The Secret Life of Bees,10,2008,11000000,114,Drama,PG-13,1,630,10527799,37770162,2182275,39952437,
Fireproof,9,2008,500000,122,Drama Romance,PG,905,6836036,33456317,None,33473297,
The Dark Knight,7,2008,185000000,152,Action Crime Drama Thriller,PG-13,4,366,158411483,533345358,470500000,1003845358,
Tropic Thunder,8,2008,92000000,107,Action Comedy War,R,3,473,25812796,110515313,85187498,195703047,
W.,10,2008,25100000,129,Biography Comedy Drama History,PG-13,2,050,10505668,25534493,4026094,29560587,
My Best Friend's Girl,9,2008,20000000,101,Comedy Romance,R,2,636,8265357,19219250,22405437,41624687,
Igor,9,2008,25000000,87,Animation Comedy Family Fantasy Horror Sci-Fi,PG,2,341,7803347,19528602,11365283,30893885,
The House Bunny,8,2008,25000000,97,Comedy,PG-13,2,763,14533702,48237389,22202307,70439696,
Appaloosa,9,2008,20000000,115,Action Crime Drama Romance Western,R,1,290,248847,20211394,7500968,27712362,
Bangkok Dangerous,9,2008,45000000,99,Action Crime Thriller,R,2,654,7783266,15298133,27189257,42487390,
Zack and Miri Make a Porno,10,2008,24000000,101,Comedy Romance,R,2,735,10065630,31457946,11324517,42782463,
Changeling,10,2008,55000000,141,Biography Crime Drama History Mystery Thriller,R,1,896,489015,35739802,77658435,113398237,
Ghost Town,9,2008,20000000,102,Comedy Drama Fantasy Romance,PG-13,1,512,5012315,13367624,13722535,27090159,
Pride and Glory,10,2008,30000000,130,Crime Drama Thriller,R,2,585,6262396,15740721,15459836,31200557,
The Duchess,9,2008,None,110,Biography Drama History Romance Thriller,PG-13,1,207,190426,13848978,29494406,43343384,
Traitor,8,2008,22000000,114,Action Crime Drama Thriller,PG-13,2,108,7868465,23530831,4143633,27674464,
Religulous,10,2008,2500000,101,Comedy Documentary War,R,568,3409643,13011160,627955,13639115,
Death Race,8,2008,45000000,105,Action Sci-Fi Thriller,R,2,586,12621090,36316032,39698303,76014335,
Mamma Mia!,7,2008,52000000,108,Comedy Musical Romance,PG-13,3,194,27751240,144290968,465711574,610002542,
Babylon A.D.,8,2008,70000000,90,Action Adventure Sci-Fi Thriller,PG-13,3,425,9484627,22532572,49576628,72109200,
The Express,10,2008,40000000,130,Biography Drama Sport,PG,2,810,4562675,9793406,14718,9808124,
Vicky Cristina Barcelona,8,2008,None,96,Comedy Drama Romance,PG-13,726,3755575,23216709,73192591,96409830,
Sex Drive,10,2008,19000000,109,Comedy Romance,R,2,421,3607164,8402485,10353451,18755936,
Miracle at St. Anna,9,2008,45000000,160,Action Drama War,R,1,185,3477996,7919117,1414537,9333654,
City of Ember,10,2008,55000000,90,Adventure Drama Family Fantasy Sci-Fi Thriller,PG,2,023,3129473,7873007,10056677,17929684,
Disaster Movie,8,2008,20000000,87,Comedy Sci-Fi,PG-13,2,642,5836973,14190901,20625923,34816824,
An American Carol,10,2008,20000000,83,Comedy Fantasy,PG-13,1,639,3810000,7013191,None,7013191,
The Haunting of Molly Hartley,10,2008,None,85,Drama Horror Thriller,PG-13,2,652,5423315,13559812,1858937,15418749,
Pineapple Express,8,2008,27000000,111,Action Comedy Crime,R,3,072,23245025,87341380,14283463,101624843,
Journey to the Center of the Earth,7,2008,60000000,93,Action Adventure Family Fantasy Sci-Fi,PG,2,830,21018141,101704370,142528318,244232688,
Fly Me to the Moon 3D,8,2008,25000000,84,Adventure Animation Family,G,713,1900523,13816982,27904432,41721414,
Mirrors,8,2008,None,110,Horror Mystery,R,2,664,11161074,30691439,47403275,78094714,
Star Wars: The Clone Wars,8,2008,None,98,Action Adventure Animation Family Fantasy Sci-Fi,PG,3,452,14611273,35161554,33121290,68282844,
Flash of Genius,10,2008,None,119,Biography Drama,PG-13,1,098,2251075,4442377,360576,4802953,
WALL·E,6,2008,180000000,98,Adventure Animation Family Sci-Fi,None,3,992,63087526,223808164,297503696,521311860,
Rachel Getting Married,10,2008,None,113,Drama Romance,R,391,293369,12796841,4141127,16937968,
The Mummy: Tomb of the Dragon Emperor,8,2008,145000000,112,Action Adventure Fantasy Horror,PG-13,3,778,40457770,102491776,300958054,403449830,
Blindness,10,2008,25000000,121,Drama Mystery Thriller,R,1,690,1950260,3351751,16493228,19844979,
RocknRolla,10,2008,None,114,Action Crime Thriller,R,826,144701,5700626,20040237,25742207,
The Longshots,8,2008,None,94,Biography Comedy Drama Family Sport,PG,2,089,4080687,11537046,230820,11767866,
Choke,9,2008,None,92,Comedy Drama,R,435,1319286,2926565,1055894,3982459,
How to Lose Friends & Alienate People,10,2008,28000000,110,Biography Comedy Drama Romance,R,1,750,1430294,2778752,16373257,19152009,
The Sisterhood of the Traveling Pants 2,8,2008,27000000,119,Comedy Drama Romance,PG-13,2,714,10678430,44089964,262453,44352417,
Step Brothers,7,2008,65000000,98,Comedy,R,3,182,30940732,100468793,27638849,128107642,
Elegy,8,2008,None,112,Drama Romance,R,142,104168,3581642,11312705,14894347,
College,8,2008,7000000,94,Comedy,R,2,124,2153109,4694636,1570847,6265483,
Get Smart,6,2008,80000000,110,Action Adventure Comedy,PG-13,3,915,38683480,130319208,100366245,230685453,
Tell No One,7,2008,None,131,Crime Drama Mystery Romance Thriller,None,112,169707,6177192,27229800,33406992,
Hamlet 2,8,2008,9000000,92,Comedy Music,R,1,597,439925,4886216,39072,4925288,
Kung Fu Panda,6,2008,130000000,92,Action Adventure Animation Comedy Family Fantasy,PG,4,136,60239130,215434591,416309969,631744560,
Frozen River,8,2008,None,97,Crime Drama,R,96,70234,2511476,2946188,5457664,
Bottle Shock,8,2008,None,110,Comedy Drama,PG-13,401,278075,4078607,549946,4628553,
Transsiberian,7,2008,None,111,Crime Drama Mystery Thriller,R,154,34615,2206405,3720005,5926410,
Man on Wire,7,2008,None,94,Biography Crime Documentary History Sport Thriller,PG-13,93,51392,2962242,2296327,5258569,
Indiana Jones and the Kingdom of the Crystal Skull,5,2008,185000000,122,Action Adventure,PG-13,4,264,100137835,317101119,469534914,786636033,
Space Chimps,7,2008,37000000,81,Adventure Animation Comedy Family Sci-Fi,None,2,538,7181374,30105968,34991725,65097693,
Sea Monsters: A Prehistoric Adventure,10,2007,None,40,Adventure Animation Documentary Short,None,252,605722,23746066,26906397,50652463,
The Nightmare Before Christmas,10,2008,None,76,Animation Family Fantasy Musical,PG,284,398411,1109188,1469370,2578558,
Hancock,7,2008,150000000,92,Action Comedy Drama Fantasy,PG-13,3,965,62603879,227946274,401497154,629443428,
Happy-Go-Lucky,10,2008,None,118,Comedy Drama Romance,R,202,73867,3512016,15184586,18696602,
What Just Happened,10,2008,None,104,Comedy Drama,R,88,192508,1090947,5619941,6710888,
Forever Strong,9,2008,None,112,Drama Sport,PG-13,259,None,719556,None,719556,
Heroes,10,2008,None,139,Action Adventure Comedy Crime Musical,R,60,326425,655538,3574237,4229775,
Magnificent Desolation: Walking on the Moon,9,2005,None,40,Animation Documentary Short,None,82,479587,34137524,6201878,40339402,
Swing Vote,8,2008,21000000,120,Comedy Drama,PG-13,2,213,6230669,16289867,1344446,17634313,
Dolphins and Whales 3D: Tribes of the Ocean,2,2008,None,42,Adventure Documentary Short,None,42,41695,7714996,1093663,8808659,
Hellboy II: The Golden Army,7,2008,85000000,120,Action Adventure Fantasy Horror Sci-Fi,PG-13,3,212,34539115,75986503,92332740,168319243,
The Rocker,8,2008,15000000,102,Comedy Music,PG-13,2,784,2636048,6409528,2399407,8808935,
Deep Sea,3,2006,None,41,Documentary Short,G,47,700213,46412757,51818148,98230905,
I've Loved You So Long,10,2008,None,117,Drama,PG-13,69,72205,3169305,19102871,22272176,
I Served the King of England,8,2008,None,113,Comedy Drama Romance War,R,38,53218,617403,6701807,7319210,
Wanted,6,2008,75000000,110,Action Crime Thriller,R,3,185,50927085,134508551,207954512,342463063,
The Legend of Drona,10,2008,None,138,Action Adventure Fantasy,None,90,199329,475104,5001300,5476404,
Iron Man,5,2008,140000000,126,Action Adventure Sci-Fi,PG-13,4,154,98618668,318604126,266762121,585366247,
Brideshead Revisited,7,2008,None,134,Drama Romance,PG-13,501,339616,6432256,7018930,13451186,
A Secret,9,2008,None,105,Drama War,None,11,37135,623558,15870964,16494522,
Space Station 3D,4,2002,None,47,Documentary,None,64,489488,93383953,34979928,128363881,
Synecdoche, New York,10,2008,20000000,124,Drama,R,119,172194,3083538,1387786,4471324,
Towelhead,9,2008,None,124,Drama,R,100,52823,372124,303538,675662,
Trouble the Water,8,2008,None,90,Documentary,None,15,28606,520151,2615,522766,
Everybody Wants to Be Italian,9,2008,3000000,105,Comedy Romance,R,98,197861,351416,181310,532726,
Billy: The Early Years,10,2008,None,98,Biography Drama,PG,282,192042,347328,None,347328,
Noah's Arc: Jumping the Broom,10,2008,None,101,Drama Romance,R,9,151337,532878,None,532878,
Passengers,10,2008,None,93,Mystery Romance Thriller,PG-13,125,172544,292437,5494715,5787152,
The Incredible Hulk,6,2008,150000000,112,Action Adventure Sci-Fi,PG-13,3,508,55414050,134806913,129964083,264770996,
A Girl Cut in Two,8,2008,None,115,Drama Thriller,None,21,18658,409658,8078879,8488537,
The Lucky Ones,9,2008,None,115,Adventure Comedy Drama Romance War,R,425,183088,266967,20600,287567,
Morning Light,10,2008,None,100,Documentary Sport,PG,55,129295,275497,None,275776,
Beer for My Horses,8,2008,None,86,Action Comedy Crime,PG-13,91,209253,666045,None,666045,
Battle in Seattle,9,2008,None,99,Action Drama History Thriller,R,40,46903,224169,684678,908847,
The Children of Huang Shi,5,2008,None,125,Drama War,R,43,42755,1031872,6753445,7785317,
U2 3D,1,2008,None,85,Documentary Music,None,686,946000,10363341,12367501,22730842,
The Wackness,7,2008,None,99,Comedy Drama Romance,R,142,138401,2077116,1098353,3175469,
Henry Poole Is Here,8,2008,None,99,Comedy Drama,PG,527,805219,1836515,87285,1923800,
Kit Kittredge: An American Girl,6,2008,10000000,101,Comedy Drama Family,None,1,849,220297,17657973,None,17657973,
Brick Lane,6,2008,None,102,Drama,PG-13,49,47124,1095398,2699194,3794592,
You Don't Mess with the Zohan,6,2008,90000000,113,Action Comedy,PG-13,3,466,38531374,100018837,104294563,204313400,
Mera Pind: My Home,9,2008,None,165,Comedy Drama Musical Romance,None,19,176976,176976,453394,630370,
Let the Right One In,10,2008,None,114,Drama Fantasy Horror Romance,R,53,49295,2122065,9105271,11227336,
When Did You Last See Your Father?,6,2008,None,92,Biography Drama,PG-13,57,39210,1077273,1675198,2752471,
Call + Response,10,2008,None,86,Documentary History Music,PG-13,17,41346,215185,None,215185,
Roving Mars,1,2006,None,40,Documentary Short,None,27,412337,10407978,570998,10978976,
The X Files: I Want to Believe,7,2008,30000000,104,Crime Drama Horror Mystery Sci-Fi Thriller,PG-13,3,185,10021753,20982478,48380903,69363381,
Proud American,9,2008,None,115,Drama,PG,750,135000,131357,None,131357,
Fashion,10,2008,None,167,Drama Romance,None,40,105812,191442,8467271,8658713,
Sex and the City,5,2008,65000000,145,Comedy Drama Romance,R,3,325,57038404,152647258,266118063,418765321,
Flow: For Love of Water,3,2008,None,84,Documentary,None,11,3644,142569,None,142569,
I.O.U.S.A.,8,2008,None,85,Documentary,PG,358,61313,821046,5753,826799,
Ashes of Time,10,2008,None,100,Action Drama,R,18,21372,174273,1835421,2009694,
Encounters at the End of the World,6,2008,None,99,Documentary,G,39,17730,944933,260531,1205464,
Hounddog,9,2008,None,98,Drama Music,R,11,13744,131961,None,131961,
Sixty Six,8,2008,None,81,Biography Comedy Drama,PG-13,17,9359,224614,None,224614,
Gonzo,7,2008,None,120,Biography Documentary Music,R,59,191942,1252100,239858,1491958,
Sky Kids,8,2008,None,118,Action Adventure Drama,None,17,6845,144680,None,144680,
The Singing Revolution,12,2007,None,94,Documentary History Music,None,5,2475,426855,None,426855,
The Visitor,4,2008,None,104,Drama,PG-13,270,86488,9427089,8770429,18197518,
Greetings from the Shore,9,2008,None,116,Comedy Drama Romance,R,31,40527,96314,None,96314,
Meet Dave,7,2008,60000000,90,Adventure Comedy Family Romance Sci-Fi,PG,3,011,5251918,11803254,39536313,51339567,
The Legend of God's Gun,7,2008,None,78,Fantasy Musical Western,None,8,15096,243768,None,243768,
Another Gay Sequel: Gays Gone Wild!,8,2008,None,99,Comedy Romance,None,7,21086,104828,None,104828,
The Other End of the Line,10,2008,None,106,Comedy Drama Family Romance,PG-13,91,59078,115592,391942,507534,
The Pool,9,2008,None,98,Drama,None,8,7736,95102,None,95102,
Humboldt County,9,2008,None,97,Comedy Drama,R,9,25933,82357,None,82357,
American Teen,7,2008,None,95,Documentary,PG-13,109,45589,942441,187829,1130270,
In Search of a Midnight Kiss,8,2008,None,90,Comedy Romance,None,11,13385,172605,1121571,1294176,
Ping Pong Playa,9,2008,None,96,Comedy Sport,PG-13,14,30797,77907,None,77907,
Haunted Castle,2,2001,None,38,Animation Horror Short Thriller,PG,10,None,13651656,25441510,39093166,
A Thousand Years of Good Prayers,9,2008,None,83,Drama,None,7,10321,76806,1588779,1665585,
The Last Mistress,6,2008,6000000,115,Drama Romance,None,29,33554,785671,1045906,1831577,
The Grocer's Son,6,2008,None,96,Drama,None,7,10587,264889,4830607,5095496,
Save Me,9,2008,None,96,Drama Romance,None,5,6992,83397,None,83397,
The Edge of Heaven,5,2008,None,122,Drama,None,20,14257,742349,17062216,17804565,
Talento de barrio,10,2008,None,107,Action Crime Drama Music,R,20,36118,68542,1581656,1650198,
Allah Made Me Funny: Live in Concert,10,2008,None,83,Comedy Documentary Family Talk-Show,None,14,38867,66903,None,66903,
Momma's Man,8,2008,None,94,Comedy Drama,None,9,11072,100435,22950,123385,
Up the Yangtze,4,2008,None,93,Documentary,None,23,15851,783969,245242,1029211,
Hallam Foe,9,2008,None,95,Drama Mystery Romance,R,6,13490,60641,2089158,2149799,
Young@Heart,4,2008,None,107,Documentary Music,PG,212,50937,3992189,3104813,7097002,
Lola Montès,10,2008,None,116,Biography Drama Romance,None,4,12569,120306,160008,280314,
Roadside Romeo,10,2008,None,93,Adventure Animation Comedy Family Fantasy Music Musical Romance,None,29,41770,55202,1922819,1978021,
August Evening,9,2008,None,128,Drama,PG-13,4,3296,74759,None,74759,
Surfer, Dude,9,2008,6000000,85,Comedy,R,69,5971,52132,None,52132,
Boogie Man: The Lee Atwater Story,9,2008,None,86,Biography Documentary,None,10,10939,60332,None,60332,
Ballast,10,2008,None,96,Drama,None,5,8572,77556,2154,79710,
Emma Smith: My Story,4,2008,None,98,Biography Drama History,PG,42,94959,881787,None,881787,
A Man Named Pearl,8,2007,None,78,Documentary,G,9,8378,208392,None,208392,
Goal II: Living the Dream,8,2008,None,115,Drama Sport,PG-13,99,150098,225067,7639838,7864905,
Fear(s) of the Dark,10,2008,None,83,Animation Horror Mystery,None,8,6103,77876,372937,450813,
All Roads Lead Home,9,2008,None,108,Drama Family,PG,46,31785,43907,None,43907,
Sukiyaki Western Django,8,2008,None,121,Action Western,R,4,9856,50659,2674599,2725258,
Moving Midway,9,2008,None,95,Documentary,None,4,6539,40864,None,40864,
Bachna Ae Haseeno,8,2008,None,152,Comedy Drama Romance,None,71,322431,702166,10684264,11386430,
Breakfast with Scot,10,2008,None,90,Comedy Drama Music Romance Sport,PG-13,6,11455,46060,None,46060,
Loins of Punjab Presents,9,2008,None,88,Comedy Music,None,8,14850,39891,None,39891,
My Father My Lord,5,2008,None,72,Drama,None,9,24096,203708,367858,571566,
Enlighten Up!,9,2008,None,82,Documentary,None,12,11799,246649,None,246649,
Roman de gare,4,2008,None,103,Drama,R,38,25484,1852764,2988368,4841132,
The Chronicles of Narnia: Prince Caspian,5,2008,225000000,150,Action Adventure Family Fantasy,PG,3,929,55034805,141621490,278044078,419665568,
Walking on Dead Fish,9,2008,None,None,Documentary,PG-13,4,10524,30328,None,30328,
My Name Is Bruce,10,2008,None,84,Comedy Fantasy Horror,R,4,16432,173066,None,173066,
One Day You'll Understand,10,2008,None,90,Drama,None,7,19198,145642,49724,195366,
Frontrunners,10,2008,None,83,Documentary,None,6,6888,26976,None,26976,
Elsa & Fred,6,2008,None,108,Comedy Drama Romance,PG,15,10246,189024,2805063,2994087,
Beautiful Losers,8,2008,None,90,Documentary Music,None,3,10607,56386,7678,64064,
Days and Clouds,7,2008,None,118,Drama,None,4,16707,112102,6854122,6966224,
Good Dick,10,2008,None,86,Comedy Drama Romance,R,2,5036,27595,12329,39924,
Baghead,6,2008,None,84,Comedy Drama Horror Romance,R,18,8640,140106,None,140106,
America the Beautiful,5,2008,None,105,Documentary,R,5,6760,76173,None,76173,
Dare Not Walk Alone,4,2008,None,83,Documentary,None,3,9259,52166,None,52166,
The Fall,5,2008,None,117,Adventure Drama Fantasy,R,111,79611,2266905,1402560,3669465,
The Elephant King,10,2008,None,92,Drama Romance,R,2,15959,22251,38871,61122,
Shoot the Piano Player,9,2008,None,81,Crime Drama Thriller,None,1,10466,20615,None,20615,
A Jihad for Love,5,2008,None,81,Documentary,None,5,10519,105651,None,105651,
Tuya's Marriage,4,2008,None,86,Drama Romance,None,5,2619,88148,2388618,2476766,
Filth and Wisdom,10,2008,None,84,Comedy Drama Music Romance,None,10,4597,22406,332222,354628,
The Happening,6,2008,48000000,91,Adventure Drama Sci-Fi Thriller,R,2,986,30517109,64506874,98896925,163403799,
Mongol: The Rise of Genghis Khan,6,2008,18000000,126,Action Biography Drama History War,R,253,135326,5705761,20821749,26527510,
Chris & Don: A Love Story,6,2008,None,90,Biography Documentary Romance,None,12,10337,216110,None,216110,
Aida,12,2007,None,158,Music,None,52,97874,222927,None,222927,
La Traviata,2,2008,None,134,Drama Music Musical,None,49,19961,195494,None,195494,
Saving Marriage,10,2008,None,90,Documentary,PG-13,2,8044,18720,None,18720,
What We Do Is Secret,8,2008,None,92,Biography Drama Music,R,7,5888,58776,None,58776,
Love and Honor,5,2008,None,122,Drama History Romance,PG-13,3,5234,60910,33694664,33755574,
Kabluey,7,2008,None,86,Comedy,PG-13,4,7373,83506,13157,96663,
OSS 117: Cairo, Nest of Spies,5,2008,None,99,Action Adventure Comedy Crime,None,13,31418,303543,22752341,23055884,
Louise Bourgeois,6,2008,None,52,Documentary,None,4,9220,95865,578,96443,
Juno,12,2007,7500000,96,Comedy Drama,PG-13,2,534,413869,143495265,88877416,232372681,
The Bucket List,12,2007,45000000,97,Adventure Comedy Drama,PG-13,2,915,335837,93466502,81906000,175372502,
Cloverfield,1,2008,25000000,85,Horror Sci-Fi Thriller,PG-13,3,411,40058229,80048433,92345747,172394180,
27 Dresses,1,2008,30000000,111,Comedy Romance,PG-13,3,074,23007725,76808654,85846697,162655351,
Jumper,2,2008,85000000,88,Action Adventure Sci-Fi Thriller,PG-13,3,430,27354808,80172128,144959985,225132113,
National Treasure: Book of Secrets,12,2007,None,124,Action Adventure Mystery Thriller,PG,3,832,44783772,219964115,239278134,459242249,
Hannah Montana and Miley Cyrus: Best of Both Worlds Concert,2,2008,None,74,Documentary Music,G,687,31117834,65281781,5361185,70642966,
Fool's Gold,2,2008,70000000,112,Action Adventure Comedy Romance Thriller,PG-13,3,125,21589295,70231041,41000000,111231041,
The Spiderwick Chronicles,2,2008,90000000,96,Action Adventure Drama Family Fantasy Thriller,PG,3,847,19004058,71195053,92975274,164170327,
Alvin and the Chipmunks,12,2007,60000000,92,Adventure Comedy Family Fantasy Music Musical,PG,3,499,44307417,217326974,148025572,365352546,
Step Up 2: The Streets,2,2008,None,98,Drama Music Romance,PG-13,2,528,18908826,58017783,92798917,150816700,
Vantage Point,2,2008,40000000,90,Action Crime Drama Thriller,PG-13,3,163,22874936,72266306,79773576,152039882,
I Am Legend,12,2007,150000000,101,Action Drama Horror Sci-Fi Thriller,PG-13,3,648,77211321,256393010,329017042,585410052,
Rambo,1,2008,50000000,92,Action Adventure Thriller,R,2,764,18203876,42754105,70490185,113244290,
Welcome Home, Roscoe Jenkins,2,2008,35000000,104,Comedy Romance,PG-13,2,387,16207730,42436517,1218901,43655418,
First Sunday,1,2008,None,98,Comedy Crime Drama,PG-13,2,213,17714821,37931869,878442,38810311,
Meet the Spartans,1,2008,None,87,Comedy Fantasy,PG-13,2,643,18505530,38233676,47663917,85897593,
There Will Be Blood,12,2007,25000000,158,Drama,R,1,620,190739,40222514,35959031,76181545,
Atonement,12,2007,None,123,Drama Mystery Romance War,R,1,400,784145,50927067,78338994,129266061,
The Eye,2,2008,None,98,Horror Mystery,PG-13,2,470,12425776,31418697,26591623,58010320,
Untraceable,1,2008,35000000,101,Crime Mystery Thriller,R,2,368,11354069,28687835,24245678,52933513,
No Country for Old Men,11,2007,None,122,Crime Drama Thriller,R,2,037,1202000,74283625,97343541,171627166,
Definitely, Maybe,2,2008,None,112,Comedy Drama Romance,PG-13,2,220,9764270,32241649,23748650,55990299,
One Missed Call,1,2008,20000000,87,Horror Mystery,PG-13,2,240,12511473,26890041,18957710,45847751,
P.S. I Love You,12,2007,30000000,126,Comedy Drama Romance,PG-13,2,471,6481221,53695808,103139531,156835339,
Charlie Wilson's War,12,2007,75000000,102,Biography Comedy Drama History,R,2,594,9656250,66661095,52822351,119483446,
Mad Money,1,2008,None,104,Comedy Crime Thriller,PG-13,2,470,7736452,20668843,5743320,26412163,
Sweeney Todd: The Demon Barber of Fleet Street,12,2007,50000000,116,Drama Horror Musical Thriller,R,1,507,9300805,52898073,100485554,153383627,
Semi-Pro,2,2008,None,91,Comedy Sport,R,3,121,15200000,33479698,10524804,44004502,
The Water Horse,12,2007,None,112,Adventure Family Fantasy War,PG,2,777,9186054,40946255,63021129,103967384,
The Pirates Who Don't Do Anything,1,2008,None,85,Adventure Animation Comedy Family Fantasy,G,1,340,4251320,12981269,266456,13247725,
The Great Debaters,12,2007,None,126,Biography Drama Romance,PG-13,1,290,6005180,30236407,None,30236407,
Enchanted,11,2007,85000000,107,Adventure Animation Comedy Family Fantasy Musical Romance,PG,3,730,34440317,127807262,212680390,340487652,
The Other Boleyn Girl,2,2008,35000000,115,Biography Drama History Romance,PG-13,1,212,8203061,26814957,51384722,78199679,
Michael Clayton,10,2007,None,119,Crime Drama Mystery Thriller,R,2,585,719910,49033882,43957953,92991835,
Aliens vs. Predator: Requiem,12,2007,None,94,Action Horror Sci-Fi Thriller,R,2,617,10059425,41797066,88493819,130290885,
The Kite Runner,12,2007,None,128,Drama,PG-13,715,471713,15800078,59210951,75011029,
Be Kind Rewind,2,2008,None,102,Comedy,PG-13,810,4100000,11175164,19404242,30579406,
Over Her Dead Body,2,2008,None,95,Comedy Fantasy Romance,PG-13,1,977,4600000,7563670,13894441,21458111,
The Golden Compass,12,2007,180000000,113,Adventure Family Fantasy,PG-13,3,528,26125000,70107728,302127136,372234864,
How She Move,1,2008,None,94,Drama,PG-13,1,531,3957471,7070641,1588571,8659212,
The Orphanage,12,2007,None,105,Drama Horror Mystery Thriller,R,707,233323,7161284,71477703,78638987,
Strange Wilderness,2,2008,None,87,Adventure Comedy,R,1,211,3001719,6575282,389452,6964734,
U2 3D,1,2008,None,85,Documentary Music,None,686,946000,10363341,12367501,22730842,
In the Name of the King: A Dungeon Siege Tale,1,2008,None,127,Action Adventure Fantasy Thriller War,PG-13,1,632,3265000,4775656,8322259,13097915,
Penelope,2,2008,None,104,Comedy Fantasy Romance,PG,1,207,3802144,10011996,11144274,21156270,
The Diving Bell and the Butterfly,11,2007,None,112,Biography Drama,PG-13,213,75721,6003227,13776889,19780116,
The Savages,11,2007,None,114,Comedy Drama,R,201,151859,6623082,4030139,10653221,
In Bruges,2,2008,None,107,Comedy Crime Drama Thriller,R,232,459575,7800824,25593616,33394440,
Witless Protection,2,2008,None,99,Comedy Crime,PG-13,1,354,2116692,4161625,None,4161625,
Persepolis,12,2007,None,96,Animation Biography Drama History War,PG-13,536,88826,4445756,18338222,22783978,
Charlie Bartlett,2,2008,12000000,97,Comedy Drama Romance,R,1,122,1836256,3951699,1303287,5254986,
Jodhaa Akbar,2,2008,None,213,Action Drama History Romance War,None,125,1300000,3440718,23449636,26890354,
Walk Hard: The Dewey Cox Story,12,2007,35000000,96,Comedy Music,R,2,650,4174383,18317151,2259047,20576198,
Sea Monsters: A Prehistoric Adventure,10,2007,None,40,Adventure Animation Documentary Short,None,252,605722,23746066,26906397,50652463,
Bee Movie,11,2007,150000000,91,Adventure Animation Comedy Drama Family,PG,3,984,38021044,126631277,166883059,293514336,
August Rush,11,2007,None,114,Drama Music,PG,2,310,9421369,31664162,34457864,66122026,
The Game Plan,9,2007,None,110,Comedy Family Sport,PG,3,342,22950971,90648202,57232341,147880543,
Into the Wild,9,2007,None,148,Adventure Biography Drama,R,660,212440,18354356,38320121,56674477,
Beowulf,11,2007,150000000,115,Action Adventure Animation Fantasy,PG-13,3,249,27515871,82280579,114113166,196393745,
Cassandra's Dream,1,2008,None,108,Crime Drama Romance Thriller,PG-13,107,361901,973018,21713360,22686378,
The Band's Visit,2,2008,None,87,Comedy Drama Music Romance,PG-13,121,67492,3054457,11533130,14587587,
American Gangster,11,2007,100000000,157,Biography Crime Drama,R,3,110,43565135,130164645,139590785,269755430,
Mr. Magorium's Wonder Emporium,11,2007,None,93,Comedy Family Fantasy,G,3,168,9630085,32061555,37413106,69474661,
I'm Not There,11,2007,None,135,Biography Drama Music,R,149,730819,4017609,7646507,11664116,
Space Station 3D,4,2002,None,47,Documentary,None,64,489488,93383953,34979928,128363881,
4 Months, 3 Weeks and 2 Days,1,2008,None,113,Drama,None,47,51712,1198208,8976631,10174839,
Magnificent Desolation: Walking on the Moon,9,2005,None,40,Animation Documentary Short,None,82,479587,34137524,6201878,40339402,
Dan in Real Life,10,2007,None,98,Comedy Drama Romance,PG-13,1,941,11809445,47642963,20828706,68471669,
Deep Sea,3,2006,None,41,Documentary Short,G,47,700213,46412757,51818148,98230905,
Diary of the Dead,2,2008,None,95,Fantasy Horror Sci-Fi Thriller,R,48,232576,958961,4405897,5364858,
Wild West Comedy Show: 30 Days & 30 Nights - Hollywood to the Heartland,2,2008,None,100,Comedy Documentary,R,962,464170,603894,None,603894,
Before the Devil Knows You're Dead,10,2007,None,117,Crime Drama Thriller,R,321,73837,7084227,17953430,25037657,
Fred Claus,11,2007,None,116,Comedy Family Fantasy,PG,3,603,18515473,72006777,25831572,97838349,
Caramel,2,2008,None,95,Comedy Drama Romance,PG,50,71916,1055580,13193169,14248749,
Hitman,11,2007,None,94,Action Crime Thriller,R,2,468,13180769,39687694,61588624,101276318,
The Counterfeiters,2,2008,None,99,Crime Drama History War,R,170,87514,5488570,13326143,18814713,
Days of Darkness,12,2007,None,104,Comedy Drama Fantasy,None,68,277949,1491525,1923156,3414681,
Starting Out in the Evening,11,2007,None,111,Drama Romance,PG-13,43,76214,898786,None,898786,
Everything Is Fine,2,2008,None,118,Drama,None,26,99604,336569,36791,373360,
Mèche Blanche, les aventures du petit castor,2,2008,None,77,Adventure Family,None,44,65035,360886,1230634,1591520,
Teeth,1,2008,None,94,Comedy Fantasy Horror Thriller,R,16,29521,347578,1992532,2340110,
Awake,11,2007,8600000,84,Crime Drama Mystery Thriller,R,2,023,5856872,14377198,18352864,32730062,
The Mist,11,2007,18000000,126,Horror Sci-Fi Thriller,R,2,423,8931973,25594957,31875263,57470220,
The Year My Parents Went on Vacation,2,2008,None,110,Drama,PG,30,80655,807117,2411253,3218370,
Bonneville,2,2008,None,93,Comedy Drama,PG,101,174571,488393,850177,1338570,
The Signal,2,2008,None,103,Horror Sci-Fi Thriller,R,160,144836,251150,150312,401462,
Lars and the Real Girl,10,2007,12000000,106,Comedy Drama Romance,PG-13,321,90418,5972884,5320779,11293663,
Dolphins and Whales 3D: Tribes of the Ocean,2,2008,None,42,Adventure Documentary Short,None,42,41695,7714996,1093663,8808659,
Roving Mars,1,2006,None,40,Documentary Short,None,27,412337,10407978,570998,10978976,
Like Stars on Earth,12,2007,None,162,Drama Family,PG,70,352568,1223869,20673504,21897373,
The Perfect Holiday,12,2007,None,96,Comedy Family Fantasy Romance,PG,1,307,2283360,5812781,None,5812781,
Blade Runner,10,2007,None,117,Action Drama Sci-Fi Thriller,R,20,89150,1548502,668673,2218013,
The Darjeeling Limited,9,2007,16000000,91,Adventure Comedy Drama,R,698,134938,11902715,23176203,35078918,
City of Men,2,2008,None,106,Crime Drama,None,75,130579,325131,2264601,2589732,
Honeydripper,12,2007,None,124,Crime Drama History Music Musical,PG-13,26,9863,267880,277045,544925,
Margot at the Wedding,11,2007,None,93,Comedy Drama,R,121,81035,1959420,940736,2900156,
Steep,12,2007,None,92,Documentary Sport,PG,23,21189,260586,58177,318763,
Taxi to the Dark Side,1,2008,None,106,Crime Documentary History War,R,20,10930,274661,19648,294309,
Nanking,12,2007,None,90,Biography History War,R,10,6316,161182,1405066,1566248,
The Polar Express,10,2007,165000000,100,Adventure Animation Comedy Family Fantasy Musical,None,32,1968,2483757,91146,2574903,
This Christmas,11,2007,13000000,119,Comedy Drama Romance,PG-13,1,921,17958183,49121934,656618,49778552,
Bella,10,2007,3300000,91,Drama Romance,PG-13,457,1328448,8070537,4012759,12083296,
Galapagos,10,1999,None,39,Documentary Short,None,14,None,18630372,10718800,29349172,
Youth Without Youth,12,2007,None,124,Drama Fantasy Mystery Romance Sci-Fi,R,18,28550,244397,2380362,2624759,
Little Chenier,1,2008,None,120,Drama,R,17,37318,87939,None,87939,
Me & You, Us, Forever,2,2008,None,92,Drama,PG,78,58662,84093,None,84093,
La Vie En Rose,6,2007,25000000,140,Biography Drama Music Romance,PG-13,178,179848,10301706,75973087,86274793,
Shoot Down,1,2008,None,85,Documentary,PG-13,21,49182,74421,None,74421,
Aida,12,2007,None,158,Music,None,52,97874,222927,None,222927,
Cover,2,2008,None,98,Crime Drama Thriller,PG-13,14,30000,79436,None,79436,
The Business of Being Born,1,2008,None,87,Documentary,None,3,9574,69991,None,69991,
Last Year at Marienbad,1,2008,None,94,Drama Mystery Romance,None,2,15485,144492,None,144847,
Lions for Lambs,11,2007,35000000,92,Crime Drama Mystery Thriller War,R,2,216,6702434,15002854,49808686,64811540,
Still Life,1,2008,None,111,Drama,None,2,12744,76983,2427482,2504465,
The Duchess of Langeais,2,2008,None,137,Drama Music Romance,None,11,22251,282749,700046,982795,
Lust, Caution,9,2007,15000000,157,Drama History Romance Thriller War,NC-17,143,63918,4604982,62486933,67091915,
Romance & Cigarettes,9,2007,None,105,Comedy Musical Romance,R,19,None,557471,2377771,2935242,
La Traviata,2,2008,None,134,Drama Music Musical,None,49,19961,195494,None,195494,
Chicago 10,2,2008,None,110,Animation Documentary History War,R,14,42724,177490,None,177490,
Wild Safari - A South African Adventure,4,2005,None,40,Documentary Short,None,21,None,16621530,17635605,34257135,
Beaufort,1,2008,None,131,Action Drama War,None,6,6808,102591,153189,255780,
The Witnesses,2,2008,None,112,Drama Romance,None,6,14800,78440,2962653,3041093,
Summer Palace,1,2008,None,158,Drama Romance,None,3,8717,63045,79982,143027,
Passage to Zarahemla,10,2007,None,90,Adventure Fantasy,PG-13,28,57977,292102,None,292102,
Alice's House,1,2008,None,92,Drama,None,6,19083,61822,131709,193531,
Undoing,1,2008,None,90,Crime Drama Thriller,R,3,16065,44999,None,44999,
Diva,11,2007,None,117,Crime Music Thriller,None,3,5672,110014,None,110014,
Blonde and Blonder,1,2008,None,95,Comedy Crime,PG-13,14,26470,42183,737090,779273,
The Violin,12,2007,None,98,Drama Music,None,3,5647,65298,1120949,1186247,
War Dance,11,2007,None,105,Documentary Music War,PG-13,10,15471,115210,22767,137977,
Tristan und Isolde, Azione in tre atti,1,2008,None,80,Drama Musical,None,6,2676,50172,None,50172,
Control,10,2007,None,122,Biography Drama Music,R,29,27674,872252,7287256,8159508,
For the Bible Tells Me So,10,2007,None,95,Documentary Romance,None,15,7412,312751,None,312751,
The Assassination of Jesse James by the Coward Robert Ford,9,2007,30000000,160,Biography Crime Drama History Western,R,301,147812,3909149,11092627,15001776,
Jimmy Carter Man from Plains,10,2007,None,125,Biography Documentary History,PG,21,10413,108807,10456,119263,
The Hottie & the Nottie,2,2008,None,91,Comedy Romance,PG-13,111,27696,27696,1568536,1596232,
The Air I Breathe,1,2008,None,95,Crime Drama Thriller,R,7,19487,25775,2571873,2597648,
Billy the Kid,12,2007,None,85,Documentary,None,3,7923,52823,None,52823,
The Walker,12,2007,None,108,Crime Drama Mystery,R,14,16525,79698,510718,590416,
The Tracey Fragments,5,2008,None,77,Drama,R,4,3002,32645,9673,42318,
Santa vs. the Snowman 3D,11,2007,None,32,Animation Comedy Family Short,None,24,9815,769405,22847,792252,
Bab'Aziz: The Prince That Contemplated His Soul,2,2008,None,96,Drama,None,2,3286,89672,263447,353119,
How to Cook Your Life,10,2007,None,100,Documentary,PG-13,7,8741,87370,286357,373727,
Praying with Lior,2,2008,None,87,Biography Documentary Family,None,4,8401,82553,None,82553,
Baby Blues,1,2008,None,86,Drama,None,1,17234,17234,None,17234,
My Kid Could Paint That,10,2007,None,82,Documentary Family Mystery,PG-13,20,26290,231574,26742,258316,
Day Zero,1,2008,None,92,Drama,R,2,12070,16659,None,16659,
Chop Shop,2,2008,None,84,Drama,None,3,8475,125045,97731,222776,
All Hat,1,2008,None,89,Western,R,2,None,15198,None,15198,
Grace Is Gone,12,2007,None,85,Drama War,PG-13,7,13880,50899,1029123,1080022,
Military Intelligence and You!,2,2008,None,78,Comedy,None,4,2541,14251,None,14251,
Woman on the Beach,1,2008,None,127,Comedy Drama Romance,None,1,4250,23686,63949,87635,
Yiddish Theater: A Love Story,11,2007,None,90,Documentary History,None,3,1886,40182,None,40182,
In the Valley of Elah,9,2007,None,121,Crime Drama Mystery,R,978,133557,6777741,22764049,29541790,
Kurt Cobain About a Son,10,2007,None,96,Documentary Music,None,6,10749,87016,19708,106724,
T-Rex: Back to the Cretaceous,10,1998,None,45,Adventure Family Fantasy,None,38,None,53354743,50605624,103960367,
A Man Named Pearl,8,2007,None,78,Documentary,G,9,8378,208392,None,208392,
Counter Investigation,2,2008,None,85,Crime Thriller,None,3,6182,None,8017499,8029345,
Lost in Beijing,1,2008,None,112,Drama,None,2,4337,11163,1339804,1350967,
David & Layla,7,2007,None,106,Comedy Drama Romance,None,7,14491,120750,None,120750,
Skid Marks,10,2007,None,85,Action Comedy,R,4,2674,12959,None,12959,
Joe Strummer: The Future Is Unwritten,11,2007,None,124,Biography Documentary Music,None,17,20880,248362,945129,1193491,
Sleuth,10,2007,None,88,Crime Drama Mystery Thriller,R,35,50100,342895,4546856,4889751,
King Corn,10,2007,None,88,Documentary,None,8,6753,105422,None,105422,
Imaginary Witness: Hollywood and the Holocaust,12,2007,None,92,Documentary History,None,3,630,21507,None,21507,
A Walk to Beautiful,2,2008,None,85,Documentary,None,1,7718,7718,None,7718,
London to Brighton,2,2008,None,85,Crime Drama Thriller,R,3,6700,6700,442981,449681,
One Piece: Episode of Alabasta - The Desert Princess and the Pirates,2,2008,None,90,Action Adventure Animation Comedy Drama,PG-13,97,5791,None,7084304,7090891,
The Killing of John Lennon,1,2008,None,114,Crime Drama,None,1,3077,6975,46142,53117,
Lagerfeld Confidential,10,2007,None,89,Documentary,None,2,11477,67500,53143,120643,
Haunted Castle,2,2001,None,38,Animation Horror Short Thriller,PG,10,None,13651656,25441510,39093166,
Tre,2,2008,None,87,Drama Romance,None,2,4759,4759,None,4759,
Outsourced,9,2007,None,103,Comedy Drama Romance,PG-13,14,32227,163561,539763,703324,
Romulus, My Father,2,2008,None,104,Biography Drama,R,3,2791,4283,2230606,2234889,
The Willow Tree,8,2007,None,96,Drama,None,2,6048,25752,25747,51499,
The Unforeseen,2,2008,None,88,Documentary,None,3,2496,90287,None,90287,
Genghis Khan: To the Ends of the Earth and Sea,2,2008,None,136,Action Adventure Drama History War,R,40,3332,None,11163609,11167501,
The Singing Revolution,12,2007,None,94,Documentary History Music,None,5,2475,426855,None,426855,
Vexille,2,2008,None,109,Action Animation Sci-Fi,PG-13,97,3227,3259,1167092,1170351,
Vivere,2,2008,None,97,Drama Romance,R,2,2119,3625,58033,61658,
El inmigrante,7,2007,None,90,Documentary,None,2,1578,15100,None,15100,
Box Elder,3,2008,None,89,Comedy,None,2,3188,48996,None,48996,
Shrooms,2,2008,None,84,Comedy Horror Mystery Thriller,None,4,1849,None,4951758,4954621,
Arranged,12,2007,None,90,Comedy Drama Romance,None,2,5560,23571,88160,111731,
Forever,9,2007,None,97,Documentary,None,1,5202,31502,None,31502,
Running with Arnold,1,2008,None,72,Documentary,None,2,2119,2119,None,2119,
Nina's Heavenly Delights,11,2007,None,94,Comedy,PG-13,2,267,9936,None,9936,
Times and Winds,1,2008,None,111,Drama,None,2,1338,6176,381220,387396,
Fat Girls,10,2007,None,82,Comedy Drama,R,2,None,11204,None,11204,
Shotgun Stories,12,2007,None,92,Drama Thriller,PG-13,4,4553,46026,122211,168237,
White Rainbow,4,2006,None,94,Drama,PG-13,1,4180,10529,None,10529,
El Topo,12,2006,None,125,Drama Western,None,4,6857,80302,75518,156263,
The Informer,6,2007,None,108,Crime Thriller,None,2,9362,82772,None,82772,
The Holy Mountain,1,2007,None,114,Adventure Drama Fantasy,None,3,4143,61001,34857,97895,
How to Rob a Bank (and 10 Tips to Actually Get Away with It),2,2008,None,81,Comedy Crime Mystery Thriller,None,1,109,1006,None,1006,
Blindsight,3,2008,None,104,Adventure Documentary,PG,5,5279,89169,277078,366247,
A Lawyer Walks Into a Bar...,2,2008,None,92,Documentary,None,1,980,5202,None,5202,
Girls Rock!,3,2008,None,90,Documentary Music,PG,14,29917,159294,None,159294,
I Want Someone to Eat Cheese With,9,2007,None,80,Comedy Romance,None,14,12317,194568,None,194568,
Monsters vs. Aliens,3,2009,175000000,94,Action Adventure Animation Comedy Family Fantasy Sci-Fi,PG,4,136,59321095,198351526,183158344,381509870,
Fast & Furious,4,2009,85000000,107,Action Crime Thriller,PG-13,3,674,70950500,155064265,205300000,360364265,
Watchmen,3,2009,130000000,162,Action Drama Mystery Sci-Fi,R,3,611,55214334,107509799,77873014,185382813,
Knowing,3,2009,50000000,121,Action Mystery Sci-Fi Thriller,PG-13,3,337,24604751,79957634,103700864,183658498,
I Love You, Man,3,2009,None,105,Comedy Romance,R,2,829,17810270,71440011,20540348,91980359,
Hannah Montana: The Movie,4,2009,None,102,Comedy Drama Family Music Romance,None,3,231,32324487,79576189,75969090,155545279,
Race to Witch Mountain,3,2009,None,98,Action Adventure Family Fantasy Sci-Fi Thriller,PG,3,268,24402214,67172594,39214547,106387141,
The Haunting in Connecticut,3,2009,None,92,Drama Horror Mystery Thriller,PG-13,2,732,23004765,55389516,22146843,77536359,
17 Again,4,2009,None,102,Comedy Drama Fantasy Romance Sport,PG-13,3,255,23722310,64167069,72149811,136316880,
Duplicity,3,2009,60000000,125,Comedy Crime Romance Thriller,PG-13,2,579,13965110,40572825,37603356,78176181,
Obsessed,4,2009,20000000,108,Drama Romance Thriller,PG-13,2,634,28612730,68261644,5568703,73830347,
The Last House on the Left,3,2009,None,110,Horror Thriller,R,2,402,14118685,32752215,12536838,45289053,
Taken,1,2009,25000000,90,Action Crime Thriller,PG-13,3,184,24717037,145000989,81836771,226837760,
State of Play,4,2009,None,127,Crime Drama Mystery Thriller,PG-13,2,807,14071280,37017955,50794416,87812371,
Observe and Report,4,2009,18000000,86,Action Comedy Crime Drama Mystery,R,2,727,11017334,24007324,2966230,26973554,
Madea Goes to Jail,2,2009,None,103,Comedy Crime Drama,PG-13,2,203,41030947,90508336,None,90508336,
Slumdog Millionaire,11,2008,15000000,120,Crime Drama Romance,R,2,943,360018,141319928,237090185,378410113,
Earth,4,2009,None,90,Documentary,None,1,804,8825760,32011576,76963584,108975160,
Paul Blart: Mall Cop,1,2009,26000000,91,Action Comedy Crime Family,PG,3,206,31832636,146336178,37012251,183348429,
Adventureland,4,2009,None,107,Comedy Drama Romance,R,1,876,5722039,16044025,1120795,17164820,
Fighting,4,2009,None,105,Action Crime Drama Romance Sport,PG-13,2,312,11024370,23091010,9391718,32482728,
He's Just Not That Into You,2,2009,None,129,Comedy Drama Romance,PG-13,3,175,27785487,93953653,84912505,178866158,
Crank: High Voltage,4,2009,None,96,Action Crime Thriller,R,2,223,6963565,13684249,20888292,34572541,
Coraline,2,2009,60000000,100,Animation Drama Family Fantasy,PG,2,320,16849640,75286229,49310608,124596837,
The Soloist,4,2009,None,117,Biography Drama Music,PG-13,2,090,9716458,31720158,6612836,38332994,
12 Rounds,3,2009,None,108,Action Crime Thriller,PG-13,2,331,5329240,12234694,5045632,17280326,
Sunshine Cleaning,3,2009,None,91,Comedy Drama,R,642,219190,12062558,4517692,16580250,
Dragonball Evolution,4,2009,None,85,Action Adventure Fantasy Sci-Fi Thriller,PG,2,181,4756488,9362785,46357987,55720772,
Confessions of a Shopaholic,2,2009,None,104,Comedy Romance,PG,2,534,15066360,44277350,64116739,108394089,
Gran Torino,12,2008,33000000,116,Drama,R,3,045,271720,148095302,121862926,269958228,
Fired Up!,2,2009,20000000,90,Comedy Sport,PG-13,1,811,5483778,17231291,1367811,18599102,
The Reader,12,2008,32000000,124,Drama Mystery Romance,R,1,203,168051,34194407,74708079,108902486,
Jonas Brothers: The 3D Concert Experience,2,2009,None,76,Biography Documentary Music,None,1,276,12510374,19162740,4024220,23186960,
Miss March,3,2009,None,90,Comedy Romance,R,1,742,2409156,4543320,48309,4591629,
Hotel for Dogs,1,2009,None,100,Comedy Family,PG,3,271,17012212,73034460,44218118,117252578,
Under the Sea 3D,2,2009,None,41,Documentary Short,None,108,661185,36262926,19639698,55902624,
Push,2,2009,38000000,111,Action Sci-Fi Thriller,PG-13,2,313,10079109,31811527,17047091,48858618,
Friday the 13th,2,2009,19000000,97,Horror Mystery Thriller,R,3,105,40570365,65002019,26507135,91509154,
The International,2,2009,50000000,118,Action Crime Drama Mystery Thriller,R,2,364,9331739,25450527,34803316,60253843,
Street Fighter: The Legend of Chun-Li,2,2009,None,96,Action Crime Fantasy Thriller,PG-13,1,164,4721110,8742261,4021940,12764201,
The Pink Panther 2,2,2009,70000000,92,Action Adventure Comedy Crime Mystery,PG,3,245,11588150,35922978,40102156,76025134,
Two Lovers,2,2009,None,110,Drama Romance,R,148,94986,3149034,13154609,16303643,
The Wrestler,12,2008,6000000,109,Drama Sport,R,776,202714,26238243,18496417,44734660,
The Class,12,2008,None,128,Drama,PG-13,126,None,3766810,25536695,29303505,
The Curious Case of Benjamin Button,12,2008,150000000,166,Drama Fantasy Romance,PG-13,2,988,26853816,127509326,208293460,335802786,
Sin Nombre,3,2009,None,96,Adventure Crime Drama Thriller,R,87,81446,2536665,2566040,5102705,
The Uninvited,1,2009,None,87,Drama Fantasy Horror Mystery Thriller,PG-13,2,344,10325824,28596818,13036566,41633384,
Doubt,12,2008,20000000,104,Drama Mystery,PG-13,1,287,507226,33446470,18253514,51699984,
Milk,11,2008,20000000,128,Biography Drama History,R,882,1453844,31841299,22748259,54589558,
Twilight,11,2008,37000000,122,Drama Fantasy Romance,PG-13,3,649,69637740,192769854,214417861,407227227,
Marley & Me,12,2008,None,111,Drama Family,PG,3,505,36357586,143153751,112589342,255743093,
Gomorrah,12,2008,None,137,Crime Drama,None,50,5532,1579146,33282383,34861529,
Inkheart,1,2009,60000000,106,Adventure Family Fantasy,PG,2,655,7601379,17303424,45499756,62803180,
Bride Wars,1,2009,30000000,89,Comedy Romance,PG,3,228,21058173,58715510,56660340,115375850,
Last Chance Harvey,12,2008,None,93,Drama Romance,PG-13,1,108,97260,14889042,17677924,32566966,
Defiance,12,2008,32000000,137,Action Drama History Thriller War,R,1,793,123513,28644813,22617938,51262751,
Revolutionary Road,12,2008,35000000,119,Drama Romance,R,1,077,189911,22911480,53069700,75981180,
Magnificent Desolation: Walking on the Moon,9,2005,None,40,Animation Documentary Short,None,82,479587,34137524,6201878,40339402,
New in Town,1,2009,None,97,Comedy Romance,PG,1,941,6741530,16734283,12276534,29010817,
The Cross,3,2009,None,90,Documentary,PG,221,309455,741557,None,741557,
Space Station 3D,4,2002,None,47,Documentary,None,64,489488,93383953,34979928,128363881,
The Great Buck Howard,3,2009,None,90,Adventure Comedy Drama,PG,76,115004,750587,150102,900689,
Valentino: The Last Emperor,3,2009,None,96,Documentary,PG-13,38,21762,1755134,448269,2203403,
Frost/Nixon,12,2008,25000000,122,Biography Drama History,R,1,105,180708,18622031,8804304,27426335,
Paris 36,4,2009,None,120,Drama Music Musical Romance,PG-13,52,44690,851540,12089082,12940622,
Fly Me to the Moon 3D,8,2008,25000000,84,Adventure Animation Family,G,713,1900523,13816982,27904432,41721414,
Sugar,4,2009,None,114,Drama Sport,R,51,60140,1082124,62314,1144438,
Bedtime Stories,12,2008,80000000,99,Adventure Comedy Family Fantasy Romance Sci-Fi,PG,3,684,27450296,110101975,102772889,212874864,
Everlasting Moments,3,2009,None,131,Drama History,None,30,40443,610825,2723929,3334754,
Sea Monsters: A Prehistoric Adventure,10,2007,None,40,Adventure Animation Documentary Short,None,252,605722,23746066,26906397,50652463,
Yes Man,12,2008,70000000,104,Comedy Romance,PG-13,3,434,18262471,97690976,125550661,223241637,
American Violet,4,2009,None,103,Drama,PG-13,61,243162,554434,None,554434,
Che: Part One/Che: Part Two,12,2008,None,269,None,None,39,61070,1497109,281178,1778287,
Dolphins and Whales 3D: Tribes of the Ocean,2,2008,None,42,Adventure Documentary Short,None,42,41695,7714996,1093663,8808659,
Wendy and Lucy,12,2008,None,80,Drama,R,40,18218,865695,326960,1192655,
Crossing Over,2,2009,None,113,Crime Drama,R,42,77370,455654,3220879,3676533,
Valkyrie,12,2008,75000000,121,Drama History Thriller War,PG-13,2,838,21027007,83077833,118467684,201545517,
Shall We Kiss?,3,2009,None,96,Comedy Romance,None,33,28680,535499,2400938,2936437,
Waltz with Bashir,12,2008,None,90,Animation Biography Documentary Drama History Mystery War,R,208,50021,2283849,8895523,11179372,
Tokyo!,3,2009,None,112,Comedy Drama Fantasy,None,18,23030,351059,838803,1189862,
The Informers,4,2009,None,98,Crime Drama Thriller,R,482,300000,300000,82174,382174,
Play the Game,2,2009,None,105,Comedy Romance,PG-13,55,51197,659483,None,659483,
Goodbye Solo,3,2009,None,91,Drama,R,34,38042,870781,71428,942209,
Tera Mera Ki Rishta,4,2009,None,166,Drama Romance,None,17,108741,271942,73121,345063,
Is Anybody There?,4,2009,None,94,Drama,PG-13,165,46209,2026756,1341544,3368300,
Tokyo Sonata,3,2009,None,120,Drama,PG-13,10,28345,278356,662074,940430,
Roving Mars,1,2006,None,40,Documentary Short,None,27,412337,10407978,570998,10978976,
Fanboys,2,2009,None,120,Adventure Comedy Crime,PG-13,45,171533,688529,272674,961203,
Every Little Step,4,2009,None,96,Documentary Music,PG-13,70,68504,1725141,1044622,2769763,
Rachel Getting Married,10,2008,None,113,Drama Romance,R,391,293369,12796841,4141127,16937968,
Anvil,4,2009,None,80,Biography Documentary Drama Music,None,27,34651,667911,283469,951380,
Lymelife,4,2009,None,95,Comedy Drama Romance,R,35,27758,421307,119096,540403,
Harvard Beats Yale 29-29,11,2008,None,105,Biography Documentary Sport War,None,13,14088,268431,None,268431,
Tyson,4,2009,None,90,Biography Documentary Sport,R,56,85046,887918,77002,964920,
Hunger,12,2008,None,96,Biography Crime Drama Thriller,None,11,1980,154084,2570390,2724474,
Deep Sea,3,2006,None,41,Documentary Short,G,47,700213,46412757,51818148,98230905,
Brothers at War,3,2009,None,110,Documentary War,R,18,33142,153148,None,153148,
I've Loved You So Long,10,2008,None,117,Drama,PG-13,69,72205,3169305,19102871,22272176,
U2 3D,1,2008,None,85,Documentary Music,None,686,946000,10363341,12367501,22730842,
12,3,2009,None,159,Crime Drama Thriller,PG-13,20,12042,125120,7412333,7537453,
Let the Right One In,10,2008,None,114,Drama Fantasy Horror Romance,R,53,49295,2122065,9105271,11227336,
Ballerina,1,2009,None,77,Documentary Music,None,5,2656,114507,16953,131460,
Alien Trespass,4,2009,None,84,Comedy Horror Sci-Fi Thriller,PG,40,43437,104526,None,104526,
The Mysteries of Pittsburgh,4,2009,None,95,Adventure Comedy Drama,None,20,37572,80283,None,80283,
Fados,3,2009,None,93,Documentary Musical,None,6,10823,129150,444894,574044,
Cherry Blossoms,1,2009,None,127,Drama Romance,None,8,3322,104589,12757069,12861658,
Katyn,2,2009,None,122,Drama History War,None,2,11053,118095,14650356,14768451,
Enlighten Up!,9,2008,None,82,Documentary,None,12,11799,246649,None,246649,
Examined Life,2,2009,None,87,Documentary,None,6,12085,120712,None,120712,
Medicine for Melancholy,1,2009,None,88,Drama Romance,None,7,12625,111551,None,111551,
The Day the Earth Stood Still,12,2008,80000000,104,Adventure Drama Sci-Fi Thriller,PG-13,3,560,30480153,79366978,153726881,233093859,
Sleep Dealer,4,2009,None,90,Drama Romance Sci-Fi Thriller,PG-13,18,35050,80136,27423,107559,
Gigantic,4,2009,None,98,Comedy Drama Romance,R,11,10294,102704,63184,165888,
Bart Got a Room,4,2009,None,80,Comedy Drama Romance,PG-13,11,32763,53760,None,53760,
The Song of Sparrows,4,2009,None,96,Drama Family,PG,5,7863,116372,103988,220360,
Australia,11,2008,130000000,165,Adventure Drama Romance War Western,PG-13,2,721,14800723,49554002,162233509,211788739,
My Bloody Valentine,1,2009,15000000,101,Horror Mystery Thriller,R,2,534,21241456,51545952,49188766,100734718,
Delhi-6,2,2009,None,141,Drama,None,90,602850,879913,12245666,13125579,
Royal Kill,4,2009,350000,90,Action Thriller,PG-13,5,26278,50090,None,50090,
Z,3,2009,None,127,Crime Drama Thriller,M/PG,2,10144,83305,None,83305,
The Secrets,11,2008,None,127,Drama Romance,R,9,19536,122094,141912,264006,
Rolling,4,2009,None,90,Drama Music Romance,None,4,10935,103318,None,103318,
Skills Like This,3,2009,None,88,Comedy,None,7,9413,63163,None,63163,
Tulpan,4,2009,None,100,Comedy Drama,None,4,8620,158741,1007603,1166344,
Notorious,1,2009,20000000,122,Biography Crime Drama Music,R,1,641,20497596,36843682,7576485,44420316,
Lemon Tree,4,2009,None,106,Drama War,None,29,14602,569672,6817816,7387488,
In a Dream,4,2009,None,77,Documentary,None,4,5297,54640,None,54640,
The Golden Boys,4,2009,None,97,Comedy Romance,PG,20,18366,43600,None,43600,
13B: Fear Has a New Address,3,2009,None,138,Horror Mystery Thriller,None,6,11056,36594,2445478,2482072,
Throw Down Your Heart,3,2009,None,97,Documentary Family Music,None,4,7283,89521,None,89521,
Super Capers: The Origins of Ed and the Missing Bullion,3,2009,None,98,Action Adventure Comedy Family Fantasy Mystery Romance Sci-Fi,PG,80,21559,30955,None,30955,
Frozen River,8,2008,None,97,Crime Drama,R,96,70234,2511476,2946188,5457664,
American Swing,3,2009,None,81,Documentary,None,2,10174,30156,None,30156,
One Day You'll Understand,10,2008,None,90,Drama,None,7,19198,145642,49724,195366,
Explicit Ills,3,2009,None,87,Drama Romance,R,2,9125,28564,None,28564,
Absurdistan,2,2009,None,88,Comedy,None,3,1441,39683,73586,113269,
Guest of Cindy Sherman,3,2009,None,88,Documentary,None,1,7685,27052,None,27052,
Perestroika,3,2009,None,97,Drama,None,1,3532,26064,None,26064,
The Oscar Nominated Short Films 2009: Live Action,2,2009,None,94,None,None,60,150203,644635,None,644635,
Mancora,3,2009,None,100,Drama,R,2,7675,29697,166372,196069,
Il Divo,4,2009,None,110,Biography Drama,None,8,13867,240159,11020207,11260366,
Stomp! Shout! Scream!,4,2009,None,78,Comedy Horror Music Mystery Sci-Fi,None,8,3730,112791,None,112791,
Coyote County Loser,3,2009,None,92,Comedy Drama Romance,PG,2,4724,24375,None,24375,
Léon Morin, Priest,4,2009,None,117,Drama Romance War,None,1,9515,27567,None,27567,
Severed Ways: The Norse Discovery of America,3,2009,None,107,Adventure Drama History,None,1,7686,18728,None,18728,
Crips and Bloods: Made in America,1,2009,None,93,Crime Documentary,None,4,10537,70219,None,70219,
April Showers,4,2009,None,94,Crime Drama,R,18,8040,16880,None,16880,
Synecdoche, New York,10,2008,20000000,124,Drama,R,119,172194,3083538,1387786,4471324,
Nursery University,4,2009,None,90,Documentary,None,4,11307,26042,None,26042,
Outlander,1,2009,50000000,115,Action Adventure Sci-Fi,R,81,59581,166003,6868695,7034698,
The Education of Charlie Banks,3,2009,None,100,Drama,R,3,8538,15078,None,15078,
Carmen and Geoffrey,3,2009,None,80,Documentary,None,1,5656,14130,None,14130,
Just Another Love Story,1,2009,None,100,Crime Drama Thriller,None,3,3470,45835,2414525,2460360,
The Betrayal,11,2008,None,96,Documentary,None,3,5864,41271,None,41271,
The Escapist,4,2009,None,102,Crime Drama Thriller,None,2,3075,13439,374735,388174,
An American Affair,2,2009,None,93,Drama,R,2,11700,28044,None,28044,
Sherman's Way,3,2009,None,97,Comedy,None,4,2789,13282,None,13282,
The New Twenty,3,2009,None,92,Drama,None,1,6272,17625,None,17625,
Made in U.S.A,1,2009,None,90,Comedy Crime Mystery,Not,2,11147,95209,None,95209,
A Secret,9,2008,None,105,Drama War,None,11,37135,623558,15870964,16494522,
Ciao,12,2008,None,87,Drama Romance,R,3,2672,49494,None,49494,
Treeless Mountain,4,2009,None,89,Drama,None,4,5014,60336,63687,124023,
The River Within,4,2009,None,102,Drama Family,None,1,9811,9811,None,9811,
Between Love & Goodbye,1,2009,None,97,Drama Music Romance,None,2,6674,18480,None,18480,
Billu,2,2009,None,137,Comedy Drama,None,70,512124,754928,7279869,8034797,
Service,1,2009,None,87,Drama Romance,R,4,12824,64536,90620,155156,
Pray the Devil Back to Hell,11,2008,None,72,Documentary,None,5,8227,90066,None,90066,
How About You,11,2008,None,87,Comedy Drama,None,7,6022,78234,675950,754184,
Winter of Frozen Dreams,4,2009,None,92,Crime Drama,R,1,3606,8321,None,8321,
Trouble the Water,8,2008,None,90,Documentary,None,15,28606,520151,2615,522766,
The Legend of God's Gun,7,2008,None,78,Fantasy Musical Western,None,8,15096,243768,None,243768,
Spinning Into Butter,3,2009,None,86,Drama,R,4,5534,8064,None,8064,
Reunion,3,2009,None,90,Drama,None,2,6542,8030,None,8030,
The Wild Child,11,2008,None,83,Biography Drama History,None,2,6680,65051,None,65051,
Jazz in the Diamond District,4,2009,None,79,Drama,R,1,5107,7634,None,7634,
Mutant Chronicles,4,2009,None,111,Action Adventure Mystery Sci-Fi,R,2,4724,6820,2124237,2131057,
Our City Dreams,2,2009,None,85,Documentary,None,3,4056,34972,None,34972,
The Bride & The Grooms,4,2009,None,99,Comedy Romance,None,15,5483,5995,None,5995,
Waiting for Dublin,3,2009,None,83,Romance,None,4,4183,5925,None,5925,
The Garden,4,2009,None,80,Documentary,None,4,4114,26931,None,26931,
Three Monkeys,3,2009,None,109,Drama,None,3,3045,41343,1936437,1977780,
Galapagos,10,1999,None,39,Documentary Short,None,14,None,18630372,10718800,29349172,
Dhoondte Reh Jaoge,3,2009,None,131,Comedy Drama,None,10,5126,5127,2155968,2161095,
Owl and the Sparrow,1,2009,None,97,Drama,PG,4,9475,47071,123253,170324,
Monsieur Verdoux,3,2008,None,124,Comedy Crime Drama,None,2,None,64636,None,64636,
Were the World Mine,10,2008,None,95,Adventure Comedy Fantasy Musical Romance,None,4,864,123789,None,123789,
Lola Montès,10,2008,None,116,Biography Drama Romance,None,4,12569,120306,160008,280314,
Familiar Strangers,11,2008,None,86,Comedy Drama,PG-13,4,11553,34068,None,34068,
Robert Blecker Wants Me Dead,2,2009,None,94,Documentary,None,1,4352,9166,None,9166,
Runaways,2,2009,None,88,Action,R,20,22997,27908,2124,30032,
Under Our Skin,6,2009,None,104,Documentary,None,6,7043,98548,None,98548,
Of Time and the City,1,2009,None,74,Biography Documentary,None,2,5595,32677,490740,523417,
Shuttle,3,2009,None,107,Crime Drama Mystery Thriller,R,1,1925,1925,None,1925,
Eleven Minutes,2,2009,None,103,Documentary,R,4,3670,7986,None,7986,
Live Fast, Die Young,10,2008,None,101,Drama,None,1,9841,18335,None,18335,
America Betrayed,3,2009,None,95,Documentary,None,1,245,1311,None,1311,
Alexandra,3,2008,None,95,Drama War,None,4,9401,128222,331917,460139,
Box Elder,3,2008,None,89,Comedy,None,2,3188,48996,None,48996,
Teeth,1,2008,None,94,Comedy Fantasy Horror Thriller,R,16,29521,347578,1992532,2340110,
Momma's Man,8,2008,None,94,Comedy Drama,None,9,11072,100435,22950,123385,
Transformers: Revenge of the Fallen,6,2009,200000000,149,Action Adventure Sci-Fi,PG-13,4,293,108966307,402111870,434191823,836303693,
Harry Potter and the Half-Blood Prince,7,2009,250000000,153,Action Adventure Family Fantasy Mystery,PG,4,455,77835727,301959197,632000000,933959197,
Up,5,2009,175000000,96,Adventure Animation Comedy Drama Family,PG,3,886,68108790,293004164,442094918,735099082,
The Hangover,6,2009,35000000,100,Comedy,R,3,545,44979319,277322503,191490290,468812793,
Star Trek,5,2009,150000000,127,Action Adventure Sci-Fi,PG-13,4,053,75204289,257730019,127950427,385680446,
Ice Age: Dawn of the Dinosaurs,7,2009,90000000,94,Adventure Animation Comedy Family,PG,4,102,41690382,196573705,690113112,886686817,
X-Men Origins: Wolverine,5,2009,150000000,107,Action Sci-Fi,PG-13,4,102,85058003,179883157,193179707,373062864,
Night at the Museum: Battle of the Smithsonian,5,2009,150000000,105,Adventure Comedy Family Fantasy,PG,4,101,54173286,177243721,235862449,413106170,
The Proposal,6,2009,40000000,108,Comedy Drama Romance,PG-13,3,158,33627598,163958031,153417000,317375031,
G.I. Joe: The Rise of Cobra,8,2009,175000000,118,Action Adventure Sci-Fi Thriller,PG-13,4,007,54713046,150201498,152267519,302469017,
Angels & Demons,5,2009,150000000,138,Action Mystery Thriller,PG-13,3,527,46204168,133375846,352554970,485930816,
Terminator Salvation,5,2009,200000000,115,Action Adventure Sci-Fi,PG-13,3,602,42558390,125322469,246030532,371353001,
G-Force,7,2009,150000000,88,Action Adventure Animation Comedy Family Fantasy Sci-Fi,PG,3,697,31706934,119436770,173381071,292817841,
District 9,8,2009,30000000,112,Action Sci-Fi Thriller,R,3,180,37354308,115646235,95242715,210888950,
Public Enemies,7,2009,100000000,140,Action Biography Crime Drama History,R,3,336,25271675,97104620,117000000,214104620,
Inglourious Basterds,8,2009,70000000,153,Adventure Drama War,R,3,358,38054676,120540719,200914970,321455689,
The Ugly Truth,7,2009,38000000,96,Comedy Romance,R,2,975,27605576,88915214,116383693,205298907,
Julie & Julia,8,2009,40000000,123,Biography Drama Romance,PG-13,2,528,20027956,94125426,35415096,129540522,
The Taking of Pelham 123,6,2009,100000000,106,Action Crime Thriller,R,3,077,23373102,65452312,84713814,150166126,
Brüno,7,2009,None,81,Comedy,R,2,759,30619130,60054530,78751301,138805831,
The Time Traveler's Wife,8,2009,39000000,107,Comedy Drama Fantasy Romance Sci-Fi,PG-13,2,988,18623171,63414846,37929566,101344412,
Ghosts of Girlfriends Past,5,2009,None,115,Comedy Fantasy Romance,PG-13,3,175,15411434,55250026,47116789,102366815,
Funny People,7,2009,75000000,146,Comedy Drama,R,3,008,22657780,51855045,19730190,71585235,
The Final Destination,8,2009,40000000,82,Horror Thriller,R,3,121,27408309,66477700,119689439,186167139,
Land of the Lost,6,2009,100000000,102,Action Adventure Comedy Sci-Fi,PG-13,3,534,18837350,49438370,19339184,68777554,
My Sister's Keeper,6,2009,30000000,109,Drama Family,PG-13,2,606,12442212,49200230,46514645,95714875,
Year One,6,2009,60000000,97,Comedy,PG-13,3,024,19610304,43337279,19020621,62357900,
Drag Me to Hell,5,2009,30000000,99,Horror,PG-13,2,510,15825480,42100625,48742021,90842646,
Orphan,7,2009,None,123,Horror Mystery Thriller,R,2,750,12871483,41596251,36316000,77912251,
Obsessed,4,2009,20000000,108,Drama Romance Thriller,PG-13,2,634,28612730,68261644,5568703,73830347,
500 Days of Summer,7,2009,7500000,95,Comedy Drama Romance,PG-13,1,048,834501,32391374,28331360,60722734,
Halloween II,8,2009,15000000,105,Horror,R,3,088,16349565,33392973,6028494,39421467,
Dance Flick,5,2009,25000000,83,Action Comedy Music,PG-13,2,459,10643536,25662155,5776985,31439140,
Aliens in the Attic,7,2009,45000000,86,Adventure Comedy Family Fantasy Sci-Fi,PG,3,108,8008423,25200412,32680644,57881056,
17 Again,4,2009,None,102,Comedy Drama Fantasy Romance Sport,PG-13,3,255,23722310,64167069,72149811,136316880,
Monsters vs. Aliens,3,2009,175000000,94,Action Adventure Animation Comedy Family Fantasy Sci-Fi,PG,4,136,59321095,198351526,183158344,381509870,
The Soloist,4,2009,None,117,Biography Drama Music,PG-13,2,090,9716458,31720158,6612836,38332994,
Shorts,8,2009,None,89,Adventure Comedy Family Fantasy Sci-Fi,PG,3,105,6410339,20919166,8053342,28972508,
Imagine That,6,2009,55000000,107,Comedy Drama Family Fantasy,PG,3,011,5503519,16123323,6861871,22985194,
A Perfect Getaway,8,2009,14000000,98,Drama Mystery Thriller,R,2,159,5948555,15515460,7422869,22938329,
The Goods: Live Hard, Sell Hard,8,2009,10000000,89,Comedy,R,1,849,5642137,15122676,178209,15300885,
I Love You, Beth Cooper,7,2009,18000000,102,Adventure Comedy Family Romance,PG-13,1,872,4919433,14800725,1021182,15821907,
Earth,4,2009,None,90,Documentary,None,1,804,8825760,32011576,76963584,108975160,
All About Steve,9,2009,None,99,Comedy Family Romance,PG-13,2,265,11241214,33862903,6242639,40105542,
Ponyo,8,2009,None,101,Adventure Animation Comedy Family Fantasy,None,927,3585852,15090399,189081411,204171845,
Hannah Montana: The Movie,4,2009,None,102,Comedy Drama Family Music Romance,None,3,231,32324487,79576189,75969090,155545279,
The Hurt Locker,6,2009,15000000,131,Drama Thriller War,R,535,145352,17017811,32212961,49230772,
Gamer,9,2009,None,95,Action Sci-Fi Thriller,R,2,502,9156057,20534907,20293633,40828540,
Under the Sea 3D,2,2009,None,41,Documentary Short,None,108,661185,36262926,19639698,55902624,
Next Day Air,5,2009,None,84,Action Comedy Crime,R,1,139,4111043,10027047,145472,10172519,
State of Play,4,2009,None,127,Crime Drama Mystery Thriller,PG-13,2,807,14071280,37017955,50794416,87812371,
Fighting,4,2009,None,105,Action Crime Drama Romance Sport,PG-13,2,312,11024370,23091010,9391718,32482728,
Away We Go,6,2009,17000000,98,Comedy Drama Romance,R,506,130411,9451946,6327509,15779455,
My Life in Ruins,6,2009,None,98,Comedy Romance,PG-13,1,165,3223161,8665206,11790276,20455482,
Fast & Furious,4,2009,85000000,107,Action Crime Thriller,PG-13,3,674,70950500,155064265,205300000,360364265,
The Collector,7,2009,None,90,Horror Thriller,R,1,325,3576296,7712114,2522361,10234475,
Taking Woodstock,8,2009,30000000,120,Biography Comedy Drama History Music,R,1,395,3457760,7460204,2515533,9975737,
Post Grad,8,2009,None,88,Comedy Family Romance,PG-13,1,959,2651996,6380019,34710,6414729,
Extract,9,2009,8000000,92,Comedy Crime Romance,R,1,614,4340108,10823158,25625,10848783,
Whatever Works,6,2009,None,93,Comedy Romance,PG-13,353,266162,5306706,30713828,36020534,
Bandslam,8,2009,None,111,Comedy Drama Family Music Romance,PG,2,121,2231273,5210988,7014035,12225023,
Moon,6,2009,None,97,Drama Mystery Sci-Fi,R,252,136046,5010163,4749944,9760107,
Food, Inc.,6,2009,None,94,Documentary News,PG,155,60513,4417674,188525,4606199,
The Brothers Bloom,5,2009,None,114,Action Adventure Comedy Crime Drama Romance,PG-13,209,90400,3531756,1999008,5530764,
I Love You, Man,3,2009,None,105,Comedy Romance,R,2,829,17810270,71440011,20540348,91980359,
Chéri,6,2009,23000000,100,Comedy Drama Romance,R,191,405701,2715657,6652585,9368242,
Race to Witch Mountain,3,2009,None,98,Action Adventure Family Fantasy Sci-Fi Thriller,PG,3,268,24402214,67172594,39214547,106387141,
Easy Virtue,5,2009,None,97,Comedy Romance,PG-13,255,110443,2656784,15807009,18463793,
Knowing,3,2009,50000000,121,Action Mystery Sci-Fi Thriller,PG-13,3,337,24604751,79957634,103700864,183658498,
9,9,2009,30000000,79,Action Adventure Animation Drama Fantasy Sci-Fi Thriller,PG-13,2,060,10740446,31749894,16678169,48428063,
Love Aaj Kal,7,2009,None,128,Comedy Drama Romance,None,102,1241762,2430083,18364902,20794985,
Taken,1,2009,25000000,90,Action Crime Thriller,PG-13,3,184,24717037,145000989,81836771,226837760,
Sunshine Cleaning,3,2009,None,91,Comedy Drama,R,642,219190,12062558,4517692,16580250,
In the Loop,7,2009,None,106,Comedy,None,92,191866,2388804,5398683,7787487,
Rudo y Cursi,5,2009,None,106,Comedy Drama Sport,R,219,211460,1827660,9341572,11169232,
Adam,7,2009,None,99,Comedy Drama Romance,PG-13,177,68377,2277396,758519,3035915,
Is Anybody There?,4,2009,None,94,Drama,PG-13,165,46209,2026756,1341544,3368300,
Summer Hours,5,2009,None,103,Drama Family,None,50,49484,1657001,6178856,7835857,
Battle for Terra,5,2009,None,90,Action Adventure Animation Family Sci-Fi Thriller,PG,1,159,1082064,1647083,4482557,6129640,
Every Little Step,4,2009,None,96,Documentary Music,PG-13,70,68504,1725141,1044622,2769763,
Kambakkht Ishq,7,2009,None,142,Action Comedy Romance,None,100,768542,1445739,1553201,2998940,
X Games 3D: The Movie,8,2009,None,92,Documentary Sport,PG,1,399,837216,1391434,81313,1472747,
Departures,5,2009,None,130,Drama,PG-13,27,74945,1498210,68943919,70442129,
Magnificent Desolation: Walking on the Moon,9,2005,None,40,Animation Documentary Short,None,82,479587,34137524,6201878,40339402,
Kaminey,8,2009,None,130,Action Crime Drama Thriller,None,85,726834,1291827,8318206,9610033,
Space Station 3D,4,2002,None,47,Documentary,None,64,489488,93383953,34979928,128363881,
Valentino: The Last Emperor,3,2009,None,96,Documentary,PG-13,38,21762,1755134,448269,2203403,
Observe and Report,4,2009,18000000,86,Action Comedy Crime Drama Mystery,R,2,727,11017334,24007324,2966230,26973554,
Paul Blart: Mall Cop,1,2009,26000000,91,Action Comedy Crime Family,PG,3,206,31832636,146336178,37012251,183348429,
Paper Heart,8,2009,None,88,Comedy Drama Romance,PG-13,96,219494,1274062,22909,1296971,
Dolphins and Whales 3D: Tribes of the Ocean,2,2008,None,42,Adventure Documentary Short,None,42,41695,7714996,1093663,8808659,
New York,6,2009,None,153,Crime Drama Thriller,None,60,467694,997437,938383,1935820,
Sin Nombre,3,2009,None,96,Adventure Crime Drama Thriller,R,87,81446,2536665,2566040,5102705,
Management,5,2009,None,94,Comedy Drama Romance,R,212,378000,934658,1621292,2555950,
Gran Torino,12,2008,33000000,116,Drama,R,3,045,271720,148095302,121862926,269958228,
Crank: High Voltage,4,2009,None,96,Action Crime Thriller,R,2,223,6963565,13684249,20888292,34572541,
Sea Monsters: A Prehistoric Adventure,10,2007,None,40,Adventure Animation Documentary Short,None,252,605722,23746066,26906397,50652463,
The Haunting in Connecticut,3,2009,None,92,Drama Horror Mystery Thriller,PG-13,2,732,23004765,55389516,22146843,77536359,
Tyson,4,2009,None,90,Biography Documentary Sport,R,56,85046,887918,77002,964920,
The Wonder of it All,7,2009,None,82,Documentary,None,39,18988,781016,None,781016,
12 Rounds,3,2009,None,108,Action Crime Thriller,PG-13,2,331,5329240,12234694,5045632,17280326,
Yoo-Hoo, Mrs. Goldberg,7,2009,None,92,Biography Documentary,None,25,19302,1134623,None,1134623,
My One and Only,8,2009,None,108,Adventure Biography Comedy Drama Romance,PG-13,256,58692,2479538,688143,3167681,
The Girlfriend Experience,5,2009,None,77,Drama,R,48,162965,695840,365101,1060941,
The Cove,7,2009,None,92,Biography Crime Documentary History,PG-13,56,57640,857005,330429,1187434,
Adventureland,4,2009,None,107,Comedy Drama Romance,R,1,876,5722039,16044025,1120795,17164820,
Seraphine,6,2009,None,125,Biography Drama,None,24,38637,884613,8444763,9329376,
The Stoning of Soraya M.,6,2009,None,116,Drama,R,34,115053,637421,483055,1120476,
Sugar,4,2009,None,114,Drama Sport,R,51,60140,1082124,62314,1144438,
Cold Souls,8,2009,None,101,Comedy Drama Fantasy Sci-Fi,PG-13,52,63302,905209,226327,1131536,
Goodbye Solo,3,2009,None,91,Drama,R,34,38042,870781,71428,942209,
La fille de Monaco,7,2009,None,95,Comedy Drama,R,31,83755,602992,6950168,7553160,
Duplicity,3,2009,60000000,125,Comedy Crime Romance Thriller,PG-13,2,579,13965110,40572825,37603356,78176181,
It Might Get Loud,8,2009,None,98,Documentary Music,PG,75,92679,1610163,286081,1896244,
Dragonball Evolution,4,2009,None,85,Action Adventure Fantasy Sci-Fi Thriller,PG,2,181,4756488,9362785,46357987,55720772,
Lemon Tree,4,2009,None,106,Drama War,None,29,14602,569672,6817816,7387488,
The September Issue,8,2009,None,90,Documentary,PG-13,143,220633,3820067,2622233,6442300,
Anvil,4,2009,None,80,Biography Documentary Drama Music,None,27,34651,667911,283469,951380,
Little Ashes,5,2009,None,112,Biography Drama History Romance,R,16,73394,481586,285981,767567,
Tetro,6,2009,None,127,Drama,R,16,30504,518522,2355952,2874474,
The Limits of Control,5,2009,None,116,Crime Drama Mystery Thriller,R,27,55820,426688,1554446,1981134,
Hotel for Dogs,1,2009,None,100,Comedy Family,PG,3,271,17012212,73034460,44218118,117252578,
Watchmen,3,2009,130000000,162,Action Drama Mystery Sci-Fi,R,3,611,55214334,107509799,77873014,185382813,
Humpday,7,2009,None,94,Comedy Drama Romance,R,27,28737,407377,66603,473980,
U2 3D,1,2008,None,85,Documentary Music,None,686,946000,10363341,12367501,22730842,
The Merry Gentleman,5,2009,None,110,Crime Drama Thriller,R,33,74981,347977,None,347977,
Coraline,2,2009,60000000,100,Animation Drama Family Fantasy,PG,2,320,16849640,75286229,49310608,124596837,
Thirst,7,2009,None,134,Drama Fantasy Horror Romance,R,17,55889,318574,12690363,13008937,
Paris 36,4,2009,None,120,Drama Music Musical Romance,PG-13,52,44690,851540,12089082,12940622,
Outrage,5,2009,None,90,Documentary,R,18,32589,287198,None,287198,
O'Horten,5,2009,None,90,Comedy Drama,PG-13,23,24938,302232,1476559,1778791,
Adoration,5,2009,None,101,Drama Romance,R,20,39358,294244,90415,384659,
He's Just Not That Into You,2,2009,None,129,Comedy Drama Romance,PG-13,3,175,27785487,93953653,84912505,178866158,
Lymelife,4,2009,None,95,Comedy Drama Romance,R,35,27758,421307,119096,540403,
Blood: The Last Vampire,7,2009,None,91,Action Adventure Fantasy Horror Thriller,R,20,110029,257412,5617118,5874530,
Revanche,5,2009,None,121,Crime Drama Romance Thriller,None,10,16330,258388,628019,886407,
Spread,8,2009,None,97,Comedy Drama Romance,R,103,122948,250618,11785244,12035862,
Confessions of a Shopaholic,2,2009,None,104,Comedy Romance,PG,2,534,15066360,44277350,64116739,108394089,
The Last House on the Left,3,2009,None,110,Horror Thriller,R,2,402,14118685,32752215,12536838,45289053,
Lorna's Silence,7,2009,None,105,Drama,R,23,34411,338795,4784881,5123676,
Unmistaken Child,6,2009,None,102,Documentary,None,6,6293,306140,63602,369742,
Il Divo,4,2009,None,110,Biography Drama,None,8,13867,240159,11020207,11260366,
Shall We Kiss?,3,2009,None,96,Comedy Romance,None,33,28680,535499,2400938,2936437,
Fly Me to the Moon 3D,8,2008,25000000,84,Adventure Animation Family,G,713,1900523,13816982,27904432,41721414,
Two Lovers,2,2009,None,110,Drama Romance,R,148,94986,3149034,13154609,16303643,
Shrink,7,2009,None,104,Comedy Drama,R,27,16443,189621,113810,303431,
Herb & Dorothy,6,2009,None,87,Biography Documentary,None,8,9242,194721,None,194721,
A Woman in Berlin,7,2009,None,131,Biography Drama History War,None,9,12439,294014,1553308,1847322,
Soul Power,7,2009,None,92,Documentary Music,PG-13,23,23893,207121,47461,254582,
Galapagos,10,1999,None,39,Documentary Short,None,14,None,18630372,10718800,29349172,
American Violet,4,2009,None,103,Drama,PG-13,61,243162,554434,None,554434,
